000,2a1ab2e62423112531ab5c0b795c4638;;;;;000;2a1ab2e62423112531ab5c0b795c4638
001,19886a0acde59bd95ec3f4e66bf28770;;;;;001;19886a0acde59bd95ec3f4e66bf28770
002,b13024bd3ff6e48c10d90fc60f0e3cd5;;;;;002;b13024bd3ff6e48c10d90fc60f0e3cd5
003,57efe811348714ce9017c09a5da29ad2;;;;;003;57efe811348714ce9017c09a5da29ad2
004,ddbe10be54be2e90cc53445143c53a00;;;;;004;ddbe10be54be2e90cc53445143c53a00
005,be6b947e572865598a9d7fbea87e5941;;;;;005;be6b947e572865598a9d7fbea87e5941
006,a510cb6d030058f0a78ffb78149f0bff;;;;;006;a510cb6d030058f0a78ffb78149f0bff
007,49ba0f854bc862ac1bbefa80e1c4871d;;;;;007;49ba0f854bc862ac1bbefa80e1c4871d
008,049fb666476866f563cbf93855c4ffcf;;;;;008;049fb666476866f563cbf93855c4ffcf
009,98df1b9d982e1906d065e273057f0974;;;;;009;98df1b9d982e1906d065e273057f0974
010,a514b5482e7d8355309997cf463f0d06;;;;;010;a514b5482e7d8355309997cf463f0d06
011,066afc3146ef84028c95ae5109f7f4bc;;;;;011;066afc3146ef84028c95ae5109f7f4bc
012,934199a413953b8ed9b3f96d75d51aca;;;;;012;934199a413953b8ed9b3f96d75d51aca
013,d189b1411d6e511e0692bf2d5828c694;;;;;013;d189b1411d6e511e0692bf2d5828c694
014,3d17165af4979ef4256528e4fadb1485;;;;;014;3d17165af4979ef4256528e4fadb1485
015,629d2187be34b2b8ab0fbe132f29778b;;;;;015;629d2187be34b2b8ab0fbe132f29778b
016,cdb772ebe48a38455bd135f81aeca463;;;;;016;cdb772ebe48a38455bd135f81aeca463
017,b969d9579a9cddb43b4b5998caac4e77;;;;;017;b969d9579a9cddb43b4b5998caac4e77
018,04c8de9ae54f8e6113ae0d8eafa4a270;;;;;018;04c8de9ae54f8e6113ae0d8eafa4a270
019,e259930fcc7005ffb3d226fa08f89305;;;;;019;e259930fcc7005ffb3d226fa08f89305
020,d4f49ff8cca0ada95a3384ab4a9936f7;;;;;020;d4f49ff8cca0ada95a3384ab4a9936f7
021,76b84d4e14544f6c1ff17d62e7ea8268;;;;;021;76b84d4e14544f6c1ff17d62e7ea8268
022,6f158e48d8d6aad15a13c69119078657;;;;;022;6f158e48d8d6aad15a13c69119078657
023,59f6b817c0898b9228797e146a5b5b40;;;;;023;59f6b817c0898b9228797e146a5b5b40
024,041435bc245d2ff874d2195f1998f110;;;;;024;041435bc245d2ff874d2195f1998f110
025,3562f2549f7086d4044e0fda5191ae8d;;;;;025;3562f2549f7086d4044e0fda5191ae8d
026,138552f110ef15e84c06e93e30dff4ef;;;;;026;138552f110ef15e84c06e93e30dff4ef
027,5e9d342de270f5b83a9b0d973700afdb;;;;;027;5e9d342de270f5b83a9b0d973700afdb
028,d025805efaf17b6f1c8aa463d2e121d4;;;;;028;d025805efaf17b6f1c8aa463d2e121d4
029,f82e679b1697ac564bf8123c16ea9474;;;;;029;f82e679b1697ac564bf8123c16ea9474
030,de4deea7c76e6e9f476682d6c9255362;;;;;030;de4deea7c76e6e9f476682d6c9255362
031,b3295aa5ce65cb026d3e51431f7773d7;;;;;031;b3295aa5ce65cb026d3e51431f7773d7
032,4b9d9c1f1bffc1d5a933ef6f6ca1c2db;;;;;032;4b9d9c1f1bffc1d5a933ef6f6ca1c2db
033,9766a8a137725151b07565cae76f4609;;;;;033;9766a8a137725151b07565cae76f4609
034,f6ed902d9acde81f2673c47e816107e8;;;;;034;f6ed902d9acde81f2673c47e816107e8
035,ba62c8fd1b57860b97c23965c09085d2;;;;;035;ba62c8fd1b57860b97c23965c09085d2
036,191f12aea988949349ff00eec949a492;;;;;036;191f12aea988949349ff00eec949a492
037,c66680d027c5d636bc9e0b49f128ef3b;;;;;037;c66680d027c5d636bc9e0b49f128ef3b
038,44ad2d1acc0fa9f293cbb3edd752954f;;;;;038;44ad2d1acc0fa9f293cbb3edd752954f
039,bc2c0784edb78cb7d8414498fee5171f;;;;;039;bc2c0784edb78cb7d8414498fee5171f
040,28e957a4416b99cc7ff369f144d15790;;;;;040;28e957a4416b99cc7ff369f144d15790
041,644ff84507b05200502db287bb6f6d0c;;;;;041;644ff84507b05200502db287bb6f6d0c
042,521fb3e9ea55f8a1b1e15ed387d935fc;;;;;042;521fb3e9ea55f8a1b1e15ed387d935fc
043,b56ca99b15a4020dac857833fbb8b45f;;;;;043;b56ca99b15a4020dac857833fbb8b45f
044,6b5a054cb1978bc26057304dd98175b1;;;;;044;6b5a054cb1978bc26057304dd98175b1
045,4c28e55d9963374f0bad70c88ce43f25;;;;;045;4c28e55d9963374f0bad70c88ce43f25
046,3d10ea472e77a7218b88706073ceb035;;;;;046;3d10ea472e77a7218b88706073ceb035
047,60c89a7a30f5ef76db9916b3a524b69c;;;;;047;60c89a7a30f5ef76db9916b3a524b69c
048,b560dbb15760d2afce43dd4b51c2a97d;;;;;048;b560dbb15760d2afce43dd4b51c2a97d
049,b8ca141d8d572215701a6add006d7a72;;;;;049;b8ca141d8d572215701a6add006d7a72
050,9c65799e9da372de475db286dc01e207;;;;;050;9c65799e9da372de475db286dc01e207
051,552d5bb5e741d66794bc483f2f13ca9f;;;;;051;552d5bb5e741d66794bc483f2f13ca9f
052,3d19a291b0cc2d35ccc01a69f3d3bcb2;;;;;052;3d19a291b0cc2d35ccc01a69f3d3bcb2
053,c039ed652dd1fef3a01e09b11be6c225;;;;;053;c039ed652dd1fef3a01e09b11be6c225
054,3af423e8c57745fbd1ff182e2bb7b25f;;;;;054;3af423e8c57745fbd1ff182e2bb7b25f
055,15a25d1aa6be1ef1eac2fdaf44e4a700;;;;;055;15a25d1aa6be1ef1eac2fdaf44e4a700
056,92d06e14748c091977ad5934e5756c75;;;;;056;92d06e14748c091977ad5934e5756c75
057,57f4b8bf527d0b241a2db95e6d4b4f4a;;;;;057;57f4b8bf527d0b241a2db95e6d4b4f4a
058,663d92cf8ae6b0d691de357b9f091fea;;;;;058;663d92cf8ae6b0d691de357b9f091fea
059,4e69fa92e391cb41f1109d75c1ab18e0;;;;;059;4e69fa92e391cb41f1109d75c1ab18e0
060,c4b63451906016af0e7a8993b5edbd9f;;;;;060;c4b63451906016af0e7a8993b5edbd9f
061,5c74ebdd33f0966d97f23cd1861119db;;;;;061;5c74ebdd33f0966d97f23cd1861119db
062,388ecddb2213b2c982009a4c6df9f017;;;;;062;388ecddb2213b2c982009a4c6df9f017
063,a03ac6fda87e8facacc94acabd7ff45c;;;;;063;a03ac6fda87e8facacc94acabd7ff45c
064,f47c8e42badff6be77712afb72f2c32b;;;;;064;f47c8e42badff6be77712afb72f2c32b
065,6890fd7aac6806107248ed8677eb9ece;;;;;065;6890fd7aac6806107248ed8677eb9ece
066,7564a65e2ca272fb83d93bf78c4cee1c;;;;;066;7564a65e2ca272fb83d93bf78c4cee1c
067,c8074a7f1fb45e9f69683d8f34c42fb8;;;;;067;c8074a7f1fb45e9f69683d8f34c42fb8
068,cdcbeda8ecaa6ff25ef41f923d7f585e;;;;;068;cdcbeda8ecaa6ff25ef41f923d7f585e
069,8fc0a98939a822702f827de90f6881bf;;;;;069;8fc0a98939a822702f827de90f6881bf
070,db69827758f964e984859a12462e8978;;;;;070;db69827758f964e984859a12462e8978
071,218676e2224d29a3955382d85dd9e822;;;;;071;218676e2224d29a3955382d85dd9e822
072,0577ea80e0c8cfd6c01b7c208a295173;;;;;072;0577ea80e0c8cfd6c01b7c208a295173
073,b90d6e6ae08ec2be98f736c1976d4133;;;;;073;b90d6e6ae08ec2be98f736c1976d4133
074,afbe2501837109dd59ea1e309807042a;;;;;074;afbe2501837109dd59ea1e309807042a
075,03467eaacde7b128a48e91305cd8013b;;;;;075;03467eaacde7b128a48e91305cd8013b
076,fb7aff3df63066590f5d887d69bc4c5d;;;;;076;fb7aff3df63066590f5d887d69bc4c5d
077,e8670735c08b817926fd72e598198f49;;;;;077;e8670735c08b817926fd72e598198f49
078,45eec04c6fde12e188ae836319f20d20;;;;;078;45eec04c6fde12e188ae836319f20d20
079,9054feb5aa7b21b28424be05b3a85683;;;;;079;9054feb5aa7b21b28424be05b3a85683
080,27b8c4ec5222051f13c78167e8fad40d;;;;;080;27b8c4ec5222051f13c78167e8fad40d
081,df2116f811251a3f34efc8ad60a717d3;;;;;081;df2116f811251a3f34efc8ad60a717d3
082,a4ed1a1fb4de1dbfa13dac560e082f5f;;;;;082;a4ed1a1fb4de1dbfa13dac560e082f5f
083,85b0800561046dd81a96faaf021bf6d2;;;;;083;85b0800561046dd81a96faaf021bf6d2
084,69bfb5302af7949367a92074ea4ca2ea;;;;;084;69bfb5302af7949367a92074ea4ca2ea
085,d5dde3c1f37026bb2c66c505074be8c5;;;;;085;d5dde3c1f37026bb2c66c505074be8c5
086,96d11dc5ba2add33baab2b1916750a44;;;;;086;96d11dc5ba2add33baab2b1916750a44
087,52808816ea9c02c647badb492f92e3a3;;;;;087;52808816ea9c02c647badb492f92e3a3
088,cad06339d92a90dfcd6304d90c8baec8;;;;;088;cad06339d92a90dfcd6304d90c8baec8
089,458d45a04b66177a9f13c0ff646af306;;;;;089;458d45a04b66177a9f13c0ff646af306
090,e7f3845efb3cb0d7273118d857d6cb02;;;;;090;e7f3845efb3cb0d7273118d857d6cb02
091,23aaef35231ff5fd26cb41d28dd1c42e;;;;;091;23aaef35231ff5fd26cb41d28dd1c42e
092,6467acdceaafe1eeded7c93bd64005b3;;;;;092;6467acdceaafe1eeded7c93bd64005b3
093,1bc3ed8a53667539c33a551b5e19c76f;;;;;093;1bc3ed8a53667539c33a551b5e19c76f
094,ae8fec52c354af503710ddf0c83bf3ec;;;;;094;ae8fec52c354af503710ddf0c83bf3ec
095,b4af035895e100501c7ee193c58e5b99;;;;;095;b4af035895e100501c7ee193c58e5b99
096,c707c5b37e9b7258060c58b03b95a504;;;;;096;c707c5b37e9b7258060c58b03b95a504
097,20b865bf86712bbc5e1087882788f7d8;;;;;097;20b865bf86712bbc5e1087882788f7d8
098,484f097fa39c1f311284ce36e5a04d02;;;;;098;484f097fa39c1f311284ce36e5a04d02
099,6699eb05c7e3df93058a17271a6cb043;;;;;099;6699eb05c7e3df93058a17271a6cb043
100,bd2372ce3895ff80e08b42fcd3f2fe07;;;;;100;bd2372ce3895ff80e08b42fcd3f2fe07
101,6669a92910b5ad6b1e15f83ff9727b71;;;;;101;6669a92910b5ad6b1e15f83ff9727b71
102,b4d88ba768d52e170e489d595c285bc4;;;;;102;b4d88ba768d52e170e489d595c285bc4
103,7c21447e591d64821c59483d578ae3f7;;;;;103;7c21447e591d64821c59483d578ae3f7
104,982bcd50c5e482988386463bc04b83a4;;;;;104;982bcd50c5e482988386463bc04b83a4
105,f4d133d295eb41e89f84325ad71d717c;;;;;105;f4d133d295eb41e89f84325ad71d717c
106,df2c7c4bf0d6d0366c768448c3459da1;;;;;106;df2c7c4bf0d6d0366c768448c3459da1
107,47fb9778432b63cbf326f4965817fe24;;;;;107;47fb9778432b63cbf326f4965817fe24
108,7a21ed7a5b7708c55bd9f12bb2384e17;;;;;108;7a21ed7a5b7708c55bd9f12bb2384e17
109,52aac3308f62424babe0a26b3c579b63;;;;;109;52aac3308f62424babe0a26b3c579b63
110,e21bd8d558ae1a86f67b811331a564df;;;;;110;e21bd8d558ae1a86f67b811331a564df
111,6a0e84bacf2f5f4308c825455c889ed9;;;;;111;6a0e84bacf2f5f4308c825455c889ed9
112,495643ea1d421178f8ea371e0f201851;;;;;112;495643ea1d421178f8ea371e0f201851
113,e07b2b4229523d351bef468be270bf1c;;;;;113;e07b2b4229523d351bef468be270bf1c
114,7df24197be65fdbaf19177e7cfd8705f;;;;;114;7df24197be65fdbaf19177e7cfd8705f
115,e5e1a00a35a79d503950e4620f4be4ef;;;;;115;e5e1a00a35a79d503950e4620f4be4ef
116,3a29706a10fc773178787195af12bdd3;;;;;116;3a29706a10fc773178787195af12bdd3
117,eea5d1beaf61808ef4715040e1c648be;;;;;117;eea5d1beaf61808ef4715040e1c648be
118,518d98bb989224e184a127ecc5fa8fd8;;;;;118;518d98bb989224e184a127ecc5fa8fd8
119,ffe123ec99740ef3fe3f9b5d40a69ab6;;;;;119;ffe123ec99740ef3fe3f9b5d40a69ab6
120,2a62ed902a01b712c25376f5fdfa5be8;;;;;120;2a62ed902a01b712c25376f5fdfa5be8
121,cd0c8c96def6399a3c7ce5741add7a85;;;;;121;cd0c8c96def6399a3c7ce5741add7a85
122,d83ab7622711331cf1a40d4266a32a8e;;;;;122;d83ab7622711331cf1a40d4266a32a8e
123,80dcfacec71c98b80153ae9f693fe91b;;;;;123;80dcfacec71c98b80153ae9f693fe91b
124,938aaf57be0256b172b56cea98af342f;;;;;124;938aaf57be0256b172b56cea98af342f
125,5579e79b756f359cb6d61665c7aa9fcf;;;;;125;5579e79b756f359cb6d61665c7aa9fcf
126,d8244d9c184059f5140a093a6eb352e0;;;;;126;d8244d9c184059f5140a093a6eb352e0
127,06d591b244d4f4a380c7e517e2d647ff;;;;;127;06d591b244d4f4a380c7e517e2d647ff
128,9223a6855ecf06875bba41d122567e0b;;;;;128;9223a6855ecf06875bba41d122567e0b
129,a0d99373ce5c3697d5c7e1b6c09de887;;;;;129;a0d99373ce5c3697d5c7e1b6c09de887
130,220a4f1b04b3b2acba47cf4e571f8e6c;;;;;130;220a4f1b04b3b2acba47cf4e571f8e6c
131,7d031bd99604de7f856b0eee6cb34e2a;;;;;131;7d031bd99604de7f856b0eee6cb34e2a
132,11839dd64816b550db90186bc50cd4ee;;;;;132;11839dd64816b550db90186bc50cd4ee
133,8f8ffd40dcb42614de365aa54ace093e;;;;;133;8f8ffd40dcb42614de365aa54ace093e
134,94a7c787b4ba200def5b05cb484825a2;;;;;134;94a7c787b4ba200def5b05cb484825a2
135,43b0c0c9cd112348a34c265641574d36;;;;;135;43b0c0c9cd112348a34c265641574d36
136,35a595606cdff71c9162068983a8a113;;;;;136;35a595606cdff71c9162068983a8a113
137,ce0b407d68de10fdb7e7ea4890931be3;;;;;137;ce0b407d68de10fdb7e7ea4890931be3
138,702c5d0c4e13eb1396a1265fd3e1136b;;;;;138;702c5d0c4e13eb1396a1265fd3e1136b
139,58104b4edb2807cf02bd2f4049adb5da;;;;;139;58104b4edb2807cf02bd2f4049adb5da
140,a07f6c98fed13aaf8c17bf79fc1cbd73;;;;;140;a07f6c98fed13aaf8c17bf79fc1cbd73
141,8963ff6ffe5fbf6b60e0dfb3fba157a2;;;;;141;8963ff6ffe5fbf6b60e0dfb3fba157a2
142,5efe9ba6346df6a4a16fdd823e138e72;;;;;142;5efe9ba6346df6a4a16fdd823e138e72
143,a3097ff1d4b8f5e6ad90949001b966ad;;;;;143;a3097ff1d4b8f5e6ad90949001b966ad
144,19fa34fc1e30b0fd9ec9908bdb939c4d;;;;;144;19fa34fc1e30b0fd9ec9908bdb939c4d
145,b712b3163fd3e1db3dd3266fa7b450cc;;;;;145;b712b3163fd3e1db3dd3266fa7b450cc
146,575950e84433e1151981fe4296ecca57;;;;;146;575950e84433e1151981fe4296ecca57
147,a8d867fccaf403242671992ec62de3ea;;;;;147;a8d867fccaf403242671992ec62de3ea
148,98cdc1b868b464b2ba79b3514a04c162;;;;;148;98cdc1b868b464b2ba79b3514a04c162
149,29f0d5276b55dc35289eec0201b16d16;;;;;149;29f0d5276b55dc35289eec0201b16d16
150,12f3f8a12ce0cda7672e737d569ed224;;;;;150;12f3f8a12ce0cda7672e737d569ed224
151,07ca0cfe80aa8adbff7d008577d5f6b0;;;;;151;07ca0cfe80aa8adbff7d008577d5f6b0
152,87c398901a803ee79acf5c3e12bca2b6;;;;;152;87c398901a803ee79acf5c3e12bca2b6
153,6195b79b1de801dc448438036ca85aab;;;;;153;6195b79b1de801dc448438036ca85aab
154,5c82ff6141fd302ea21cd61486f9c149;;;;;154;5c82ff6141fd302ea21cd61486f9c149
155,6533e7efb3d1d240125489da02aae2cb;;;;;155;6533e7efb3d1d240125489da02aae2cb
156,05d27c6eb9c4998361a99d9940b879e1;;;;;156;05d27c6eb9c4998361a99d9940b879e1
157,81afe40336387087b2cbbff19b5558c5;;;;;157;81afe40336387087b2cbbff19b5558c5
158,7dbc16008878ea4b6051f3931e1b992a;;;;;158;7dbc16008878ea4b6051f3931e1b992a
159,403d570adbc3b7fd53ca5b6a4f91209e;;;;;159;403d570adbc3b7fd53ca5b6a4f91209e
160,46cfc432a2600815941a027befefe504;;;;;160;46cfc432a2600815941a027befefe504
161,d826823d796f5608907a0508f5f84519;;;;;161;d826823d796f5608907a0508f5f84519
162,40193dfb101a40d072521d23f79f5bee;;;;;162;40193dfb101a40d072521d23f79f5bee
163,9f1fb988d89f282faf04f9beeef1e176;;;;;163;9f1fb988d89f282faf04f9beeef1e176
164,704f17347035283ab305a8c53d625297;;;;;164;704f17347035283ab305a8c53d625297
165,5fcb80f13cc9134b2b159be9bfe6b272;;;;;165;5fcb80f13cc9134b2b159be9bfe6b272
166,7c59d871698849897a15f842bbc55671;;;;;166;7c59d871698849897a15f842bbc55671
167,efa86c06644a6a19451dfac66bcbf49e;;;;;167;efa86c06644a6a19451dfac66bcbf49e
168,d0f14ffd7aa90fe1e20e72855e48b13c;;;;;168;d0f14ffd7aa90fe1e20e72855e48b13c
169,419589fcf7661143575afcd2a4a4a8eb;;;;;169;419589fcf7661143575afcd2a4a4a8eb
170,06963092b168da007c2d7fb3406bc8c8;;;;;170;06963092b168da007c2d7fb3406bc8c8
171,2f3491f9f1f301b93ca8a0a51f0c4e22;;;;;171;2f3491f9f1f301b93ca8a0a51f0c4e22
172,b50e4f369c9db135a3db468a0ce60269;;;;;172;b50e4f369c9db135a3db468a0ce60269
173,332d6c9ce1fe1f9b229069ad37c2ae69;;;;;173;332d6c9ce1fe1f9b229069ad37c2ae69
174,4eaee6f58c2e559f3e046dfbb499558f;;;;;174;4eaee6f58c2e559f3e046dfbb499558f
175,d864e75b70d655428e4646f92de5da7d;;;;;175;d864e75b70d655428e4646f92de5da7d
176,7b0799f90c62244226ce5158391f1840;;;;;176;7b0799f90c62244226ce5158391f1840
177,f9315a5eaa726dc634616d271267ff6d;;;;;177;f9315a5eaa726dc634616d271267ff6d
178,35f42d34a3f928480b1ad6f5059d146c;;;;;178;35f42d34a3f928480b1ad6f5059d146c
179,c287b072d2aaf269d9ee67ffeea9d121;;;;;179;c287b072d2aaf269d9ee67ffeea9d121
180,e432639ece65daa51fec2254a0cc1c4e;;;;;180;e432639ece65daa51fec2254a0cc1c4e
181,c6ccf571ec3ee8a49317b7c6e22e1845;;;;;181;c6ccf571ec3ee8a49317b7c6e22e1845
182,4f5aa16a3aa77833b9c8cff9e8c7c63e;;;;;182;4f5aa16a3aa77833b9c8cff9e8c7c63e
183,e0775e395a724cbe016cacbb56f275d0;;;;;183;e0775e395a724cbe016cacbb56f275d0
184,e12e6ef80e8c9f9448a06c6ec2a0373f;;;;;184;e12e6ef80e8c9f9448a06c6ec2a0373f
185,94cf2cdfbea2670fa4b4b16791d50115;;;;;185;94cf2cdfbea2670fa4b4b16791d50115
186,591def0a65c3307500e37e689e739de8;;;;;186;591def0a65c3307500e37e689e739de8
187,8b7b6956cdb6d2999a37b7dcb0131ee2;;;;;187;8b7b6956cdb6d2999a37b7dcb0131ee2
188,c378f91a7486c755d507b913d58addaf;;;;;188;c378f91a7486c755d507b913d58addaf
189,c9d222e32de52f6a2c4952429d40b4a7;;;;;189;c9d222e32de52f6a2c4952429d40b4a7
190,02f6fa9ba41020a7a15bab2f941d7d6c;;;;;190;02f6fa9ba41020a7a15bab2f941d7d6c
191,992c00c6c1a3caf81bfb92800402cd28;;;;;191;992c00c6c1a3caf81bfb92800402cd28
192,882c4bbdfc661f4afbdb38eff710b92b;;;;;192;882c4bbdfc661f4afbdb38eff710b92b
193,a3d2bb69183dfe7b4cc826a2ed6b247a;;;;;193;a3d2bb69183dfe7b4cc826a2ed6b247a
194,873f8dda3861ef1325552b47f0632a81;;;;;194;873f8dda3861ef1325552b47f0632a81
195,a422cafbf16d7f1af9da358557a23d32;;;;;195;a422cafbf16d7f1af9da358557a23d32
196,d312c0d304bb4a64c26cc8d820e66a0a;;;;;196;d312c0d304bb4a64c26cc8d820e66a0a
197,c8f77491997e396c66aae2434219c85b;;;;;197;c8f77491997e396c66aae2434219c85b
198,db74da7c9e6fda66355f868e6892354d;;;;;198;db74da7c9e6fda66355f868e6892354d
199,13e6b827117ba27477312f38464e811d;;;;;199;13e6b827117ba27477312f38464e811d
200,08e68859b837df35879205f8f4b79325;;;;;200;08e68859b837df35879205f8f4b79325
201,416d00bf73fcc4d71b4f1c15abfe0e07;;;;;201;416d00bf73fcc4d71b4f1c15abfe0e07
202,6fa4dca713244a97898c81229dd885c5;;;;;202;6fa4dca713244a97898c81229dd885c5
203,a475cf3f65d3ee3ed3b311387ed84d0a;;;;;203;a475cf3f65d3ee3ed3b311387ed84d0a
204,8ccb252a1b2a9b2cb943e9e82d5a78c9;;;;;204;8ccb252a1b2a9b2cb943e9e82d5a78c9
205,bd0312a0913fa1a70fbe8b1ef392f436;;;;;205;bd0312a0913fa1a70fbe8b1ef392f436
206,a4dad7862472abe4a43caf808479829e;;;;;206;a4dad7862472abe4a43caf808479829e
207,0bd65142b14134abe2c6c0e48c636944;;;;;207;0bd65142b14134abe2c6c0e48c636944
208,d696cf45e78594551e8cb53b62164491;;;;;208;d696cf45e78594551e8cb53b62164491
209,ba152cdc50542ecb182636fedf2412ad;;;;;209;ba152cdc50542ecb182636fedf2412ad
210,0b20a418fbaea93efc4fa7ed236adeb6;;;;;210;0b20a418fbaea93efc4fa7ed236adeb6
211,14c78c84ac089bf1f98a01d71be92b22;;;;;211;14c78c84ac089bf1f98a01d71be92b22
212,d4c2fdee5d785ed1cbed9a6fb1825f4c;;;;;212;d4c2fdee5d785ed1cbed9a6fb1825f4c
213,a39576507ef215662bb5a44f904a4e75;;;;;213;a39576507ef215662bb5a44f904a4e75
214,868dd551a19a53d0b91396fbc6183874;;;;;214;868dd551a19a53d0b91396fbc6183874
215,4306912c45c7ab069c6cab4e703bca2f;;;;;215;4306912c45c7ab069c6cab4e703bca2f
216,40aebb29b37648ea8a8ce26fbcd99463;;;;;216;40aebb29b37648ea8a8ce26fbcd99463
217,0be801a6b665d0aacf4395df377d92c4;;;;;217;0be801a6b665d0aacf4395df377d92c4
218,17e93008a946128b9f1d7a13a86ef8ba;;;;;218;17e93008a946128b9f1d7a13a86ef8ba
219,4356137f8619d7ce0ab1a4eada897920;;;;;219;4356137f8619d7ce0ab1a4eada897920
220,6dc2c72743a6220e6e5bff9ffe6eadb6;;;;;220;6dc2c72743a6220e6e5bff9ffe6eadb6
221,69dbf4a2f0837d3c078534d6b223e09a;;;;;221;69dbf4a2f0837d3c078534d6b223e09a
222,0a19071ef20659492976396dd1800e4a;;;;;222;0a19071ef20659492976396dd1800e4a
223,5453f7f485d943d5342facddf3a86584;;;;;223;5453f7f485d943d5342facddf3a86584
224,216fedcdf0423b184ca18f706e168395;;;;;224;216fedcdf0423b184ca18f706e168395
225,30d5742722e28fa9d1821c8b42f54844;;;;;225;30d5742722e28fa9d1821c8b42f54844
226,f55a5e2ab8da8eaedcbfd5f01d6ec720;;;;;226;f55a5e2ab8da8eaedcbfd5f01d6ec720
227,9e765df0f3d176a6db3ce979d7bf62fd;;;;;227;9e765df0f3d176a6db3ce979d7bf62fd
228,ee97ef2eacb1c8af4539c2e6af6cdfa4;;;;;228;ee97ef2eacb1c8af4539c2e6af6cdfa4
229,3c0eea101213706d845d71c9dc0ab0a4;;;;;229;3c0eea101213706d845d71c9dc0ab0a4
230,d4bcfa0d1ede916bbdff140bdd568cd5;;;;;230;d4bcfa0d1ede916bbdff140bdd568cd5
231,9cf9d84e273daf59027c858a3a9c87a7;;;;;231;9cf9d84e273daf59027c858a3a9c87a7
232,8c2cf6a5551d9efb039f16b8afdfc6b4;;;;;232;8c2cf6a5551d9efb039f16b8afdfc6b4
233,0bcebc3539c6304e0326664357108312;;;;;233;0bcebc3539c6304e0326664357108312
234,f07ab49da427d350ee067477c915fd86;;;;;234;f07ab49da427d350ee067477c915fd86
235,5e0aec84702b0104b431e7066ffe2d76;;;;;235;5e0aec84702b0104b431e7066ffe2d76
236,face97093a2905961a1e03791c97c39e;;;;;236;face97093a2905961a1e03791c97c39e
237,7f6679bcbb6eaa5e9e5d30d908f9b755;;;;;237;7f6679bcbb6eaa5e9e5d30d908f9b755
238,c52de8596481982a4ff9611507155799;;;;;238;c52de8596481982a4ff9611507155799
239,f7f99c8d00bc2c5a6e2bf49f584d98df;;;;;239;f7f99c8d00bc2c5a6e2bf49f584d98df
240,3e664cb31c6585e12fb4a29208f2118b;;;;;240;3e664cb31c6585e12fb4a29208f2118b
241,a68d2c1a764ab06d294c2df07b60182f;;;;;241;a68d2c1a764ab06d294c2df07b60182f
242,39f769b0cf0b85f79e5cc150f788e979;;;;;242;39f769b0cf0b85f79e5cc150f788e979
243,6f67cb3bdfaf9ef1cce8dda671c5875e;;;;;243;6f67cb3bdfaf9ef1cce8dda671c5875e
244,3a214c5ffa312f1d17fdbae69e4409ef;;;;;244;3a214c5ffa312f1d17fdbae69e4409ef
245,463e368843d75f41b668ba5513ec62b3;;;;;245;463e368843d75f41b668ba5513ec62b3
246,8d6b41cee201d886fadb2c78a11191fe;;;;;246;8d6b41cee201d886fadb2c78a11191fe
247,ab0c023163111f4b0210fb131aea8f7e;;;;;247;ab0c023163111f4b0210fb131aea8f7e
248,b6dc8e36c5204885979383c8ea415bd4;;;;;248;b6dc8e36c5204885979383c8ea415bd4
249,b58800b27f73bd0461186e6742484e29;;;;;249;b58800b27f73bd0461186e6742484e29
250,8d03956893a92110443c73a5acbc6e0c;;;;;250;8d03956893a92110443c73a5acbc6e0c
251,50c48889362fffaf34a4dc964d2f4737;;;;;251;50c48889362fffaf34a4dc964d2f4737
252,be7a2f94e2d559e669fb322ac9f63acf;;;;;252;be7a2f94e2d559e669fb322ac9f63acf
253,8f2c8a08e5943da8bc671f69a8af8d6f;;;;;253;8f2c8a08e5943da8bc671f69a8af8d6f
254,e513476fdb73ff2a1c27dd39d519e65d;;;;;254;e513476fdb73ff2a1c27dd39d519e65d
255,56ba483214c9bd99f73f4d8d136ab840;;;;;255;56ba483214c9bd99f73f4d8d136ab840
256,0563bb75d77c09cc81f311c2eb5cb9c9;;;;;256;0563bb75d77c09cc81f311c2eb5cb9c9
257,76d8f53ebf74b079cb5c6438bb5b3f94;;;;;257;76d8f53ebf74b079cb5c6438bb5b3f94
258,52bebacd046b22ac0d09f38f2ab4cdb9;;;;;258;52bebacd046b22ac0d09f38f2ab4cdb9
259,782a9640b542d3549b0e3fe35f899a4e;;;;;259;782a9640b542d3549b0e3fe35f899a4e
260,81cdd1d3fb18be1224630d0e5d774c09;;;;;260;81cdd1d3fb18be1224630d0e5d774c09
261,953e60dc0d08b6f1e84cf0eda1a1b3a0;;;;;261;953e60dc0d08b6f1e84cf0eda1a1b3a0
262,b04f7c6caabebff5ab61eaa35aaa1787;;;;;262;b04f7c6caabebff5ab61eaa35aaa1787
263,acaaf903cd13c6ab100d78a486bc8539;;;;;263;acaaf903cd13c6ab100d78a486bc8539
264,90f1d040808253b00b5b1a6ae5c725a6;;;;;264;90f1d040808253b00b5b1a6ae5c725a6
265,2269bb7a98b732b6eda1a0af6a2aede9;;;;;265;2269bb7a98b732b6eda1a0af6a2aede9
266,b2a1ea67be8f258fec4571e927b12d3e;;;;;266;b2a1ea67be8f258fec4571e927b12d3e
267,15ea844048bebb7a79ca25fc2bfb3ef4;;;;;267;15ea844048bebb7a79ca25fc2bfb3ef4
268,b0978336f909fc6f6f18d497fb7b4180;;;;;268;b0978336f909fc6f6f18d497fb7b4180
269,942e997cb8be19e2fd07349e9158bda9;;;;;269;942e997cb8be19e2fd07349e9158bda9
270,fb0f4ff46359ab5cdf8610b896d8eb8a;;;;;270;fb0f4ff46359ab5cdf8610b896d8eb8a
271,57f4d79e07a872635e780b9f7695b575;;;;;271;57f4d79e07a872635e780b9f7695b575
272,68cbb2203f6449a5e15aa428151e5abf;;;;;272;68cbb2203f6449a5e15aa428151e5abf
273,03dd0f17b736b6dc5f460da56a7901a3;;;;;273;03dd0f17b736b6dc5f460da56a7901a3
274,966f3940f740a0a978a8af0b16d51c58;;;;;274;966f3940f740a0a978a8af0b16d51c58
275,e3d98d9b8cb73af107594e68a358e75b;;;;;275;e3d98d9b8cb73af107594e68a358e75b
276,fcea5e39c348af9733a6a04b7385ca0d;;;;;276;fcea5e39c348af9733a6a04b7385ca0d
277,918b54f6fd4203f7a990f5b69b0d34a1;;;;;277;918b54f6fd4203f7a990f5b69b0d34a1
278,2453a4caf6ff81261ad5d31ab322f76d;;;;;278;2453a4caf6ff81261ad5d31ab322f76d
279,7d6c822a7ebccc3e22931b67ac37baf4;;;;;279;7d6c822a7ebccc3e22931b67ac37baf4
280,57f71a2533dd852ab634866ece7da729;;;;;280;57f71a2533dd852ab634866ece7da729
281,f2efc2a718e186aa046311bdcc12d8d6;;;;;281;f2efc2a718e186aa046311bdcc12d8d6
282,73399da22704e66edb79b99d9efab821;;;;;282;73399da22704e66edb79b99d9efab821
283,311bf3f3b7315560ca41f8b356c05285;;;;;283;311bf3f3b7315560ca41f8b356c05285
284,bb381df709b682995996b42fbf10da24;;;;;284;bb381df709b682995996b42fbf10da24
285,6b57e434e006f47231d5c3cb7ed7e19f;;;;;285;6b57e434e006f47231d5c3cb7ed7e19f
286,79fd299b4baefe3bfe20a59f27236fa6;;;;;286;79fd299b4baefe3bfe20a59f27236fa6
287,a71da7da8c26c628039a930161a0d722;;;;;287;a71da7da8c26c628039a930161a0d722
288,f1f1fc3e74d3d638bff0b7b779685696;;;;;288;f1f1fc3e74d3d638bff0b7b779685696
289,67bbf1a338f9f8946e40b791798bf08f;;;;;289;67bbf1a338f9f8946e40b791798bf08f
290,b694d10a2105351e17d3e5aa297514f4;;;;;290;b694d10a2105351e17d3e5aa297514f4
291,aac3a6cf74afefef884a392ad8846fb5;;;;;291;aac3a6cf74afefef884a392ad8846fb5
292,fbed458882209a54c5d955ea22d56f5c;;;;;292;fbed458882209a54c5d955ea22d56f5c
293,5db0034ad3c5e923be7da92a6245deac;;;;;293;5db0034ad3c5e923be7da92a6245deac
294,940ed4060555bcd6de7e5edf61d3b6cf;;;;;294;940ed4060555bcd6de7e5edf61d3b6cf
295,312af4a26b92d5e9491a31fa56a2503a;;;;;295;312af4a26b92d5e9491a31fa56a2503a
296,ca0b00bc7d4bda00f2b46ee2be93c6a1;;;;;296;ca0b00bc7d4bda00f2b46ee2be93c6a1
297,e722770be9f3349704cdca830fae7655;;;;;297;e722770be9f3349704cdca830fae7655
298,75df185e765bb1c647faa154587f0de5;;;;;298;75df185e765bb1c647faa154587f0de5
299,13c0d061d6c4b56af7c21d3ec58dadf7;;;;;299;13c0d061d6c4b56af7c21d3ec58dadf7
300,545f4c29f08c85791275ddc4186c4d50;;;;;300;545f4c29f08c85791275ddc4186c4d50
301,6b754fdd7e9f3762f4c473000c491a9d;;;;;301;6b754fdd7e9f3762f4c473000c491a9d
302,eb0eeae481a94c159a54506ffe940349;;;;;302;eb0eeae481a94c159a54506ffe940349
303,b4cc7e292654ad5113b06f4cc4a960ea;;;;;303;b4cc7e292654ad5113b06f4cc4a960ea
304,656176aae77812e1926683c11bbdcfd9;;;;;304;656176aae77812e1926683c11bbdcfd9
305,18fc361502d0e7a3391306aff84af8ae;;;;;305;18fc361502d0e7a3391306aff84af8ae
306,352f49c29bd37da3fd0b690509a75e52;;;;;306;352f49c29bd37da3fd0b690509a75e52
307,9e5692dd031a75c6a771c0dfe029e216;;;;;307;9e5692dd031a75c6a771c0dfe029e216
308,91b9acefd7c126c33ed35031d5ec7625;;;;;308;91b9acefd7c126c33ed35031d5ec7625
309,38b651e10222cee5f54b7ccc5940683c;;;;;309;38b651e10222cee5f54b7ccc5940683c
310,89c30e3c10fb2c9bf512a7d77e53fe9b;;;;;310;89c30e3c10fb2c9bf512a7d77e53fe9b
311,678ad8c075605dfc075f5f075ce26caf;;;;;311;678ad8c075605dfc075f5f075ce26caf
312,2eb66d52fb4730ac6db8cea9eaa08d97;;;;;312;2eb66d52fb4730ac6db8cea9eaa08d97
313,7a12ba64068a42e2417ba216d9307f8e;;;;;313;7a12ba64068a42e2417ba216d9307f8e
314,34a498c4ba6c7ecb02890e7dee5ce946;;;;;314;34a498c4ba6c7ecb02890e7dee5ce946
315,01dd7d1d35fdceeb18e0b7a45a2a8742;;;;;315;01dd7d1d35fdceeb18e0b7a45a2a8742
316,e89caebe999d15a9ed2c04e46d3fac3d;;;;;316;e89caebe999d15a9ed2c04e46d3fac3d
317,ee8394ba0844cd22c71180d1adf087b4;;;;;317;ee8394ba0844cd22c71180d1adf087b4
318,48b06b44a2483b2ddf8f385272dbf8dd;;;;;318;48b06b44a2483b2ddf8f385272dbf8dd
319,689049e8b82ae82a94808a98e85f001c;;;;;319;689049e8b82ae82a94808a98e85f001c
320,1896a04476fd56d651b23b27011053b7;;;;;320;1896a04476fd56d651b23b27011053b7
321,ab527326fb6a79fbf343e0d4cbb06075;;;;;321;ab527326fb6a79fbf343e0d4cbb06075
322,e1fc81aec8346cdf6f36b1af1d359db8;;;;;322;e1fc81aec8346cdf6f36b1af1d359db8
323,6281ee9965c87a4fbedcb1966082edbd;;;;;323;6281ee9965c87a4fbedcb1966082edbd
324,85cf41ca2f2434853aa8f40cdfb4f91b;;;;;324;85cf41ca2f2434853aa8f40cdfb4f91b
325,e042cf7f1facbd4a179fdab5a05956cb;;;;;325;e042cf7f1facbd4a179fdab5a05956cb
326,3a40bfc8b7a2ec6a50dd0a89184f4207;;;;;326;3a40bfc8b7a2ec6a50dd0a89184f4207
327,d6d15729a466db2bc4a3ce4d2d140d63;;;;;327;d6d15729a466db2bc4a3ce4d2d140d63
328,891eb4c1c2f379fcea6da965e338a050;;;;;328;891eb4c1c2f379fcea6da965e338a050
329,1d712e1ef8722c1c72d4fba832841beb;;;;;329;1d712e1ef8722c1c72d4fba832841beb
330,d2a16f40bd68e8b1df2cdd586d77967a;;;;;330;d2a16f40bd68e8b1df2cdd586d77967a
331,b2384966494eb5e3d6b880882d65102f;;;;;331;b2384966494eb5e3d6b880882d65102f
332,ca6dbc964d2b4eb5c8518ed6e1ae69b2;;;;;332;ca6dbc964d2b4eb5c8518ed6e1ae69b2
333,5d2b518e534c93f689ededa5a2966e5a;;;;;333;5d2b518e534c93f689ededa5a2966e5a
334,d18a521c0d8a097609bf13a4bbda4d82;;;;;334;d18a521c0d8a097609bf13a4bbda4d82
335,57614e2e68f78a3f4b6e3a5a08e88dba;;;;;335;57614e2e68f78a3f4b6e3a5a08e88dba
336,b0f599570e75bac68ab12b6e363e8e3d;;;;;336;b0f599570e75bac68ab12b6e363e8e3d
337,05e5091310b8afefcda6a5233c855e42;;;;;337;05e5091310b8afefcda6a5233c855e42
338,7794016a02c8a93f3acbce4551e761e9;;;;;338;7794016a02c8a93f3acbce4551e761e9
339,7e44d3c68401c4e4840981b5aadc85cc;;;;;339;7e44d3c68401c4e4840981b5aadc85cc
340,d22d709cbeef6d9f401719cd4398aec6;;;;;340;d22d709cbeef6d9f401719cd4398aec6
341,122578841a8ee47ecb5d616372449ecd;;;;;341;122578841a8ee47ecb5d616372449ecd
342,d2d26fa722c2ad57d1e0e5f4943d7b97;;;;;342;d2d26fa722c2ad57d1e0e5f4943d7b97
343,8af9e824e792b64ac468366a018b4c88;;;;;343;8af9e824e792b64ac468366a018b4c88
344,2c9e49df0634cd3e0925034d078238e3;;;;;344;2c9e49df0634cd3e0925034d078238e3
345,a77198090e090ae169878f5ce352cbc6;;;;;345;a77198090e090ae169878f5ce352cbc6
346,06c57a24b2ff165052166fcb1db42023;;;;;346;06c57a24b2ff165052166fcb1db42023
347,27d377e0b05aa2adcaebcc34bb9aec6e;;;;;347;27d377e0b05aa2adcaebcc34bb9aec6e
348,ab478e64e99ae6a53f9f5c2f89c6d3de;;;;;348;ab478e64e99ae6a53f9f5c2f89c6d3de
349,2cf13561c2b7aa306aa571b7456a3883;;;;;349;2cf13561c2b7aa306aa571b7456a3883
350,07bf9193088fdc6235d4f52090ecbc42;;;;;350;07bf9193088fdc6235d4f52090ecbc42
351,88faf7016fef8538c981499481554614;;;;;351;88faf7016fef8538c981499481554614
352,738ef73829e848c50cb3abcadea8a213;;;;;352;738ef73829e848c50cb3abcadea8a213
353,d7782db30edd61d59c2314e0ac6a95a4;;;;;353;d7782db30edd61d59c2314e0ac6a95a4
354,3877a99da9e193eade872ef0d7501527;;;;;354;3877a99da9e193eade872ef0d7501527
355,cbab105c3e461d5701ee4811edfce212;;;;;355;cbab105c3e461d5701ee4811edfce212
356,723f1c586521b7d9a55dbeae2841bf49;;;;;356;723f1c586521b7d9a55dbeae2841bf49
357,0a595f1c278e353fb128924fe64235eb;;;;;357;0a595f1c278e353fb128924fe64235eb
358,7784bd78b7581209c7fe9217abed1651;;;;;358;7784bd78b7581209c7fe9217abed1651
359,5764e43eef3cad89624ca8eeb870853f;;;;;359;5764e43eef3cad89624ca8eeb870853f
360,adb35230cd51c71ff671a5713ccd40f5;;;;;360;adb35230cd51c71ff671a5713ccd40f5
361,d7935a793b9cad98d9d90eab2be82d5e;;;;;361;d7935a793b9cad98d9d90eab2be82d5e
362,7fadb63dd31e0688d441bd06792bfc85;;;;;362;7fadb63dd31e0688d441bd06792bfc85
363,c3805286bc5a5ace1e840f35d7f50f75;;;;;363;c3805286bc5a5ace1e840f35d7f50f75
364,6453916d31814300bdad1ffdd5b00991;;;;;364;6453916d31814300bdad1ffdd5b00991
365,2d8f3c63ed4f93e1d8964313f9ec7db4;;;;;365;2d8f3c63ed4f93e1d8964313f9ec7db4
366,1949bfbbc16e27c8fd547d244138d932;;;;;366;1949bfbbc16e27c8fd547d244138d932
367,c4fb13384e380e89de2e1163d8fad767;;;;;367;c4fb13384e380e89de2e1163d8fad767
368,ceaa97a269466a0c838a0c34394ce37d;;;;;368;ceaa97a269466a0c838a0c34394ce37d
369,67bb8776efc87c376ee52181cde22a83;;;;;369;67bb8776efc87c376ee52181cde22a83
370,8b0186837c5383859db3f35e29bde0c5;;;;;370;8b0186837c5383859db3f35e29bde0c5
371,f02e46d9a350e229695bea3bddd04d89;;;;;371;f02e46d9a350e229695bea3bddd04d89
372,8458065f33bbc5736e2c3d7c2979e9e4;;;;;372;8458065f33bbc5736e2c3d7c2979e9e4
373,958d16d1905076b801aeb14d419a4f49;;;;;373;958d16d1905076b801aeb14d419a4f49
374,2bf126b9b9f4b9a0db32b777dd9211c1;;;;;374;2bf126b9b9f4b9a0db32b777dd9211c1
375,8ba35e4437a2741f0c58bbec7ad1f1d0;;;;;375;8ba35e4437a2741f0c58bbec7ad1f1d0
376,61a0b7aeb61457028f5ad1a839cc83ea;;;;;376;61a0b7aeb61457028f5ad1a839cc83ea
377,af39d625e866a98df4ef8bf4f6e0b9b2;;;;;377;af39d625e866a98df4ef8bf4f6e0b9b2
378,f6e841e01a9da1163211fccdece17c56;;;;;378;f6e841e01a9da1163211fccdece17c56
379,b682134423c2281df5dcb271af1a35a8;;;;;379;b682134423c2281df5dcb271af1a35a8
380,ff5e4eac0b5fc275c8e0420c21f7f4ae;;;;;380;ff5e4eac0b5fc275c8e0420c21f7f4ae
381,18919c77dbb817e2c0c970262598d4d4;;;;;381;18919c77dbb817e2c0c970262598d4d4
382,c56493a614b3902f88281d45a13fe2fd;;;;;382;c56493a614b3902f88281d45a13fe2fd
383,9fbe10ed7cbb13a558b8a609a1a80a33;;;;;383;9fbe10ed7cbb13a558b8a609a1a80a33
384,71855a08b90bb0ad57ca9d0005e4f259;;;;;384;71855a08b90bb0ad57ca9d0005e4f259
385,aded600bbb48df61a90066bf437b0f1a;;;;;385;aded600bbb48df61a90066bf437b0f1a
386,951e6be44bc940e1fe084a5ba45a19a5;;;;;386;951e6be44bc940e1fe084a5ba45a19a5
387,48f15c081057578c80b87fd709be6f68;;;;;387;48f15c081057578c80b87fd709be6f68
388,efd3368ef81ae6eae3989ec4f254c6f9;;;;;388;efd3368ef81ae6eae3989ec4f254c6f9
389,c14eab94842a78b703526382de687d53;;;;;389;c14eab94842a78b703526382de687d53
390,7236262c3b1a4de406b8c135f726e526;;;;;390;7236262c3b1a4de406b8c135f726e526
391,28e4b2b10af9cdce3f221926a10790ad;;;;;391;28e4b2b10af9cdce3f221926a10790ad
392,cc6a315093575dfa0b66559bc7449040;;;;;392;cc6a315093575dfa0b66559bc7449040
393,f79464a7af685b411ead95e1581b833d;;;;;393;f79464a7af685b411ead95e1581b833d
394,eacb7e8062d42e8afda4488a795a9fd9;;;;;394;eacb7e8062d42e8afda4488a795a9fd9
395,a0f2163101939ac6fcee0fe85fbe0a28;;;;;395;a0f2163101939ac6fcee0fe85fbe0a28
396,2e8607c9147a02d8fb69b0c1aea07bd2;;;;;396;2e8607c9147a02d8fb69b0c1aea07bd2
397,c415877986a15e4ea9b912bd5fa72c2c;;;;;397;c415877986a15e4ea9b912bd5fa72c2c
398,553bf3fce0568f833ed68ae50c3d0646;;;;;398;553bf3fce0568f833ed68ae50c3d0646
399,4c59eebe1e45bf2a6d5ca35ad4f2bff7;;;;;399;4c59eebe1e45bf2a6d5ca35ad4f2bff7
400,b1bb19beb631963086c638e31711da95;;;;;400;b1bb19beb631963086c638e31711da95
401,74b00e47637d206eb401ca27feed8ae7;;;;;401;74b00e47637d206eb401ca27feed8ae7
402,ad43399a55bd912456240841adb33e48;;;;;402;ad43399a55bd912456240841adb33e48
403,0582bb07e2e9eea44b5d6de55399659d;;;;;403;0582bb07e2e9eea44b5d6de55399659d
404,dcdfac7c232216c7c013efba16d13843;;;;;404;dcdfac7c232216c7c013efba16d13843
405,f937b80ea9c401cfd996e8ee9ff8a5b2;;;;;405;f937b80ea9c401cfd996e8ee9ff8a5b2
406,9d698f12dd83983ae35fa63ab46f78b6;;;;;406;9d698f12dd83983ae35fa63ab46f78b6
407,9c4c492a9bdff071bc60893c9f68d957;;;;;407;9c4c492a9bdff071bc60893c9f68d957
408,33be22baf94fe5033aeaf9e926f86523;;;;;408;33be22baf94fe5033aeaf9e926f86523
409,b552827aa484d6d3a2c3fc4ccfb8e9ec;;;;;409;b552827aa484d6d3a2c3fc4ccfb8e9ec
410,9a959eec281f2e432f6cede58d458600;;;;;410;9a959eec281f2e432f6cede58d458600
411,1211a59a96390a91572019db27ead03d;;;;;411;1211a59a96390a91572019db27ead03d
412,3ace45410dfbe954fe6e4f782aa8056d;;;;;412;3ace45410dfbe954fe6e4f782aa8056d
413,cabd41c0aa955d09986793d2d275b373;;;;;413;cabd41c0aa955d09986793d2d275b373
414,b02c560db8cdac912c701800e1d7624c;;;;;414;b02c560db8cdac912c701800e1d7624c
415,c27400024241f1cf21db4e2eb76c7314;;;;;415;c27400024241f1cf21db4e2eb76c7314
416,c48e28b0315d43facf46e0d8ebd37ae9;;;;;416;c48e28b0315d43facf46e0d8ebd37ae9
417,dcddf024cc662ebafe5d1f5c49360a6f;;;;;417;dcddf024cc662ebafe5d1f5c49360a6f
418,a5cdcde801657bef279765a50b1cbde5;;;;;418;a5cdcde801657bef279765a50b1cbde5
419,2485aa88b9e6ad1a61e1ec0db05a53c9;;;;;419;2485aa88b9e6ad1a61e1ec0db05a53c9
420,368532b40738abb7f5e98a74156931f0;;;;;420;368532b40738abb7f5e98a74156931f0
421,9bd3783ba3cc59f8c2bd59c8bc7c5fda;;;;;421;9bd3783ba3cc59f8c2bd59c8bc7c5fda
422,f4ee23d62aa4be1d70fcebfd4c4dfafd;;;;;422;f4ee23d62aa4be1d70fcebfd4c4dfafd
423,cca6ad5fc0a2dc2a7a010929de5be7e8;;;;;423;cca6ad5fc0a2dc2a7a010929de5be7e8
424,71096a30fdc80a06c67581205cb8e805;;;;;424;71096a30fdc80a06c67581205cb8e805
425,782a6ff2a4f13704867c2538ab77dc47;;;;;425;782a6ff2a4f13704867c2538ab77dc47
426,e46af98fafa353529463c5f324d2a982;;;;;426;e46af98fafa353529463c5f324d2a982
427,63b3713c8a85dae595de86303231dd60;;;;;427;63b3713c8a85dae595de86303231dd60
428,6397dddcfd2e965a9795cde349134d9f;;;;;428;6397dddcfd2e965a9795cde349134d9f
429,5039c9c8b962b0355ef1d039d90b5479;;;;;429;5039c9c8b962b0355ef1d039d90b5479
430,9abe6a1130458b41a2ba47b189ffc4ba;;;;;430;9abe6a1130458b41a2ba47b189ffc4ba
431,6776c0ee47ac3530d97f9232314bbd78;;;;;431;6776c0ee47ac3530d97f9232314bbd78
432,b5a2d5cb67eb3576c9adf5dccf1ba5b4;;;;;432;b5a2d5cb67eb3576c9adf5dccf1ba5b4
433,2bb454d285515cebc1f3351c8c995dce;;;;;433;2bb454d285515cebc1f3351c8c995dce
434,54568c2ba405ce1b976b2b021fe1b63a;;;;;434;54568c2ba405ce1b976b2b021fe1b63a
435,946fcfed15ebb152cd4192c94b93563f;;;;;435;946fcfed15ebb152cd4192c94b93563f
436,378637e174344d84c4ee06dc7a43423f;;;;;436;378637e174344d84c4ee06dc7a43423f
437,7933dd78eff2d1db0c467788d476e472;;;;;437;7933dd78eff2d1db0c467788d476e472
438,24c7babdd977598579c28c6c72444203;;;;;438;24c7babdd977598579c28c6c72444203
439,abc05721065fcbea4711cc95581de1af;;;;;439;abc05721065fcbea4711cc95581de1af
440,180641f988bf73621256fa0874f695eb;;;;;440;180641f988bf73621256fa0874f695eb
441,408786118d98e1b35e6363b203f9cb9c;;;;;441;408786118d98e1b35e6363b203f9cb9c
442,cc9dd83fa3d9c7a80d74f75d4a67851b;;;;;442;cc9dd83fa3d9c7a80d74f75d4a67851b
443,2a51661cc470f42d0f9639ec4c1fbfd3;;;;;443;2a51661cc470f42d0f9639ec4c1fbfd3
444,258564d99b9673022fdca53324217b31;;;;;444;258564d99b9673022fdca53324217b31
445,58a6ca7e71834cb703fda6351177f1cb;;;;;445;58a6ca7e71834cb703fda6351177f1cb
446,36007997cecca583019e3da8039f900b;;;;;446;36007997cecca583019e3da8039f900b
447,a38a0f100d548acdfe8ce69badf282f9;;;;;447;a38a0f100d548acdfe8ce69badf282f9
448,4640edc8dc7060c0a2a7abddcfacee2e;;;;;448;4640edc8dc7060c0a2a7abddcfacee2e
449,aa6d21e74481313a9db9810c343a2fa8;;;;;449;aa6d21e74481313a9db9810c343a2fa8
450,c37949e9223abe7d06691a55877b9604;;;;;450;c37949e9223abe7d06691a55877b9604
451,a616f5c5617b7afeb51f8658d1c06769;;;;;451;a616f5c5617b7afeb51f8658d1c06769
452,0e51fed8458707da21fa6857f9268cbd;;;;;452;0e51fed8458707da21fa6857f9268cbd
453,9d58abd78533f2b76a93b2a42495ea40;;;;;453;9d58abd78533f2b76a93b2a42495ea40
454,39a24e6bec34fd0f07e961d78512b082;;;;;454;39a24e6bec34fd0f07e961d78512b082
455,288276adb7e1694ce41a73a9ac55d6f7;;;;;455;288276adb7e1694ce41a73a9ac55d6f7
456,519b53de431039442e02e22799b7e695;;;;;456;519b53de431039442e02e22799b7e695
457,266cf3b35e791e62baafcdee6cf09666;;;;;457;266cf3b35e791e62baafcdee6cf09666
458,ee711a59f3a1f9d1330f86de7608ed23;;;;;458;ee711a59f3a1f9d1330f86de7608ed23
459,c786ff61f8c9290835e1dd928259a158;;;;;459;c786ff61f8c9290835e1dd928259a158
460,a9a1c6c087c8e950996c3ac2c34f186b;;;;;460;a9a1c6c087c8e950996c3ac2c34f186b
461,9883b7040b92a8597baeecbccaf5e8c2;;;;;461;9883b7040b92a8597baeecbccaf5e8c2
462,1bd083df745916d7cfdb48a942acc930;;;;;462;1bd083df745916d7cfdb48a942acc930
463,2ac89722c9cbb6e68eeb81342e1fa2e3;;;;;463;2ac89722c9cbb6e68eeb81342e1fa2e3
464,347fa9f1a688b39284e5c5ab68e0e787;;;;;464;347fa9f1a688b39284e5c5ab68e0e787
465,784641504488a17d9942c6b5298eb1ac;;;;;465;784641504488a17d9942c6b5298eb1ac
466,b9b5b89c70f212e17fe93aa5e83db878;;;;;466;b9b5b89c70f212e17fe93aa5e83db878
467,d938c364d79116660daf0fbd5bb08a16;;;;;467;d938c364d79116660daf0fbd5bb08a16
468,c683e5a4ed0d6d96724a9a1a375da5bd;;;;;468;c683e5a4ed0d6d96724a9a1a375da5bd
469,b7c72575a58d0e1342b70569fad4f6c7;;;;;469;b7c72575a58d0e1342b70569fad4f6c7
470,f6da41bf73443e127987de0b3668ca21;;;;;470;f6da41bf73443e127987de0b3668ca21
471,9c9ba73346a5c369f08c35bbd63b01db;;;;;471;9c9ba73346a5c369f08c35bbd63b01db
472,09dc2910de62bbddea5d16dece2a7558;;;;;472;09dc2910de62bbddea5d16dece2a7558
473,a77a205f01b80904709fb0c749c21876;;;;;473;a77a205f01b80904709fb0c749c21876
474,661d1e2550f351be2ec52074d11b207f;;;;;474;661d1e2550f351be2ec52074d11b207f
475,46c2f23329519618197a69a6fafe3299;;;;;475;46c2f23329519618197a69a6fafe3299
476,f0ff503a5fd5cab239cfaaf556662b08;;;;;476;f0ff503a5fd5cab239cfaaf556662b08
477,af98a6e8555b139e16fd0898602d4297;;;;;477;af98a6e8555b139e16fd0898602d4297
478,a6459e0ec1f9ec9eabd6438c8bb75087;;;;;478;a6459e0ec1f9ec9eabd6438c8bb75087
479,a9efdb1eb701ff095bce446beea8cd46;;;;;479;a9efdb1eb701ff095bce446beea8cd46
480,d997ba126575e809e20b176f0436bbc4;;;;;480;d997ba126575e809e20b176f0436bbc4
481,6c5e706cbb8fef5454f525b9ce4f421c;;;;;481;6c5e706cbb8fef5454f525b9ce4f421c
482,03baf165b6fe5022fd9949869fb68e39;;;;;482;03baf165b6fe5022fd9949869fb68e39
483,150020bf69eb4d29c28b7a3b2db3488a;;;;;483;150020bf69eb4d29c28b7a3b2db3488a
484,87ee9474cd1aad104e7b6892f594cd86;;;;;484;87ee9474cd1aad104e7b6892f594cd86
485,b8c3df4dd981ee745d4f7ef87144950e;;;;;485;b8c3df4dd981ee745d4f7ef87144950e
486,3a86337b0c32ce81a58304936f488567;;;;;486;3a86337b0c32ce81a58304936f488567
487,4709b5c9cc4d404fdec28d7491cfc9e8;;;;;487;4709b5c9cc4d404fdec28d7491cfc9e8
488,fb5cb76001bedf79c00957d0ec114ac7;;;;;488;fb5cb76001bedf79c00957d0ec114ac7
489,cb20343cb6ed68392cd8291c1e91a24c;;;;;489;cb20343cb6ed68392cd8291c1e91a24c
490,0b075c24c775c6bd7ca07efd71b431d6;;;;;490;0b075c24c775c6bd7ca07efd71b431d6
491,0c1429baf0405d00bbd797710eaeb260;;;;;491;0c1429baf0405d00bbd797710eaeb260
492,322d73fa504827a22222416fd197dd96;;;;;492;322d73fa504827a22222416fd197dd96
493,3a61425d0bc30e809c85d969efc285e5;;;;;493;3a61425d0bc30e809c85d969efc285e5
494,437f518c04f75fbfe0f429ce8efeb245;;;;;494;437f518c04f75fbfe0f429ce8efeb245
495,211ad0cbd8dab954e8da0563bd00cb44;;;;;495;211ad0cbd8dab954e8da0563bd00cb44
496,9067147882cbdcc59a0b8000f1fb8167;;;;;496;9067147882cbdcc59a0b8000f1fb8167
497,387150cf8ec74940f8d653d83f6ae1e6;;;;;497;387150cf8ec74940f8d653d83f6ae1e6
498,646b5ec48ab0628a951c43ddddd717c6;;;;;498;646b5ec48ab0628a951c43ddddd717c6
499,8cef44659e1cfb78a8782bfbb092cc63;;;;;499;8cef44659e1cfb78a8782bfbb092cc63
500,58b65cec4e2525e3868c57245e910065;;;;;500;58b65cec4e2525e3868c57245e910065
501,95078b8c30fb091f4a29fae21f818af0;;;;;501;95078b8c30fb091f4a29fae21f818af0
502,29f04b1d6f160da4474b1317c34ceb24;;;;;502;29f04b1d6f160da4474b1317c34ceb24
503,140b3c0a6c693a4ad7772f9f4ab89644;;;;;503;140b3c0a6c693a4ad7772f9f4ab89644
504,af2a51b06dea2ad730fbd611b167bf28;;;;;504;af2a51b06dea2ad730fbd611b167bf28
505,b5d044c0f1fcd028966cecfea9e1aa4e;;;;;505;b5d044c0f1fcd028966cecfea9e1aa4e
506,9842ab7b85df153c088f0303aeffb26c;;;;;506;9842ab7b85df153c088f0303aeffb26c
507,097d92a06de20cd1986d2d1f0069a906;;;;;507;097d92a06de20cd1986d2d1f0069a906
508,4d6932cb785e8c992a255503fb2458ec;;;;;508;4d6932cb785e8c992a255503fb2458ec
509,7f8bc2f1014e5ab60aee5ab6e21b582d;;;;;509;7f8bc2f1014e5ab60aee5ab6e21b582d
510,241176a595ebcda1a306406e1aac1050;;;;;510;241176a595ebcda1a306406e1aac1050
511,3488950cb5af442f9f9f883a4fff1b7e;;;;;511;3488950cb5af442f9f9f883a4fff1b7e
512,af57b1bc8342a5e6bfd47d0365d4ae68;;;;;512;af57b1bc8342a5e6bfd47d0365d4ae68
513,76b33d0fa11f5ce3ff5861c631f517ca;;;;;513;76b33d0fa11f5ce3ff5861c631f517ca
514,85bab51638fb2331a51cd72d6dc40f94;;;;;514;85bab51638fb2331a51cd72d6dc40f94
515,0be9fd38a3a4e35d15bcba9aa4f4f9c9;;;;;515;0be9fd38a3a4e35d15bcba9aa4f4f9c9
516,20889fdcd0b279230e288ab2f7d91c60;;;;;516;20889fdcd0b279230e288ab2f7d91c60
517,1b1870230796e08b3b6500316f5b199d;;;;;517;1b1870230796e08b3b6500316f5b199d
518,4b85c7cdb5cc9cfdd7a4b929890d88a8;;;;;518;4b85c7cdb5cc9cfdd7a4b929890d88a8
519,3fadd5b5fc9fafc24b6242d1dff5745d;;;;;519;3fadd5b5fc9fafc24b6242d1dff5745d
520,eb30bd932b4b507771bc8a0f880341d3;;;;;520;eb30bd932b4b507771bc8a0f880341d3
521,0e1516b9834100c95e64e3fc3893e2c7;;;;;521;0e1516b9834100c95e64e3fc3893e2c7
522,871a4450a7171fe01ed52927ff8714c0;;;;;522;871a4450a7171fe01ed52927ff8714c0
523,3989fe0bc8b8c447f9e80336dd9297ca;;;;;523;3989fe0bc8b8c447f9e80336dd9297ca
524,54e2f4d7bd24b365fcd4252086c8c2b7;;;;;524;54e2f4d7bd24b365fcd4252086c8c2b7
525,a8e043f8969dbf4a470d211c37585ca4;;;;;525;a8e043f8969dbf4a470d211c37585ca4
526,de6f7bb1e2903448935e008117ae95a4;;;;;526;de6f7bb1e2903448935e008117ae95a4
527,3c231862bed7496bdc1b0fa04f80bb54;;;;;527;3c231862bed7496bdc1b0fa04f80bb54
528,6ef8939c3297acbf46b1177c11e4be01;;;;;528;6ef8939c3297acbf46b1177c11e4be01
529,967d867dde1d79b57a3dfd8f91d7059a;;;;;529;967d867dde1d79b57a3dfd8f91d7059a
530,423e3c6ce9097dbd36b92ea5e9e64328;;;;;530;423e3c6ce9097dbd36b92ea5e9e64328
531,a428267361265a4c93a5dbb28c573c3c;;;;;531;a428267361265a4c93a5dbb28c573c3c
532,d3b8817dacf63344b93e21be588c4a04;;;;;532;d3b8817dacf63344b93e21be588c4a04
533,9f07154aa70df5ba955ba89f7ee5d95e;;;;;533;9f07154aa70df5ba955ba89f7ee5d95e
534,67fcf0648a7161254055d2dede916a44;;;;;534;67fcf0648a7161254055d2dede916a44
535,1016fb147a423553319f2c3523d7b3dd;;;;;535;1016fb147a423553319f2c3523d7b3dd
536,10c4afb10564485d019bf0993dd4cc56;;;;;536;10c4afb10564485d019bf0993dd4cc56
537,32b08104c84c0d9cb845d9af956159f2;;;;;537;32b08104c84c0d9cb845d9af956159f2
538,a5eaadd312f65281a22abaadbef64345;;;;;538;a5eaadd312f65281a22abaadbef64345
539,be3316bfe189c80d04bb5fa0c71d1bf9;;;;;539;be3316bfe189c80d04bb5fa0c71d1bf9
540,81b84ca53c5fa25430666739e640b706;;;;;540;81b84ca53c5fa25430666739e640b706
541,6e573bc34f0ae25e1f7328b60ba99905;;;;;541;6e573bc34f0ae25e1f7328b60ba99905
542,2d3a3bb89d91a7d16b86ebe9c21918e4;;;;;542;2d3a3bb89d91a7d16b86ebe9c21918e4
543,0852d85fdc43333e8b4c7f5a41ca065a;;;;;543;0852d85fdc43333e8b4c7f5a41ca065a
544,fff9c755abf4889766b82ea5ec6aec7f;;;;;544;fff9c755abf4889766b82ea5ec6aec7f
545,49b17af206f94e417f8a2ceb392a744c;;;;;545;49b17af206f94e417f8a2ceb392a744c
546,739cf30455aac33df62f0806f60702e7;;;;;546;739cf30455aac33df62f0806f60702e7
547,144d7ba13dddc2f2cfb43b7ca3f876ad;;;;;547;144d7ba13dddc2f2cfb43b7ca3f876ad
548,6ce6c5c8124a04f0ebafe335ecd5bcec;;;;;548;6ce6c5c8124a04f0ebafe335ecd5bcec
549,59f2e8af0ce93e8cfdb0e81d0a2c5a2a;;;;;549;59f2e8af0ce93e8cfdb0e81d0a2c5a2a
550,fb0bd5aefa33646866b84475e32e4ad7;;;;;550;fb0bd5aefa33646866b84475e32e4ad7
551,84995ef94dc83ebd2f301efaae3a8c79;;;;;551;84995ef94dc83ebd2f301efaae3a8c79
552,220d8811e7f71e90bb4449e11a669ec4;;;;;552;220d8811e7f71e90bb4449e11a669ec4
553,1fb01388558b811dfcc6611d5fcf1863;;;;;553;1fb01388558b811dfcc6611d5fcf1863
554,2be5b7981b70e7500530887b4439f6e7;;;;;554;2be5b7981b70e7500530887b4439f6e7
555,32f12873afe8e521499aab318028e253;;;;;555;32f12873afe8e521499aab318028e253
556,40712ff1b873fd736a8240d9de30db93;;;;;556;40712ff1b873fd736a8240d9de30db93
557,c46b4ce9ecbfac47b339d94b49e4e52d;;;;;557;c46b4ce9ecbfac47b339d94b49e4e52d
558,eb77e7d4e2e4cb7cff681845353cf4f1;;;;;558;eb77e7d4e2e4cb7cff681845353cf4f1
559,b9ba5e162490d0ea8c0cf5d12d557e52;;;;;559;b9ba5e162490d0ea8c0cf5d12d557e52
560,f42eb6e4de6cdd2cede237fc2d15c69e;;;;;560;f42eb6e4de6cdd2cede237fc2d15c69e
561,bc51837833ea256816b2acc73889444c;;;;;561;bc51837833ea256816b2acc73889444c
562,c145e1c567ff032e60eaf0aa45c4ecad;;;;;562;c145e1c567ff032e60eaf0aa45c4ecad
563,eb60102e4ce362cde20d1848e9e7dbe8;;;;;563;eb60102e4ce362cde20d1848e9e7dbe8
564,7a05a9cc3c9d5e0bbc404eda4b77ce20;;;;;564;7a05a9cc3c9d5e0bbc404eda4b77ce20
565,f7ed02737f66296d56863634eefe9cf8;;;;;565;f7ed02737f66296d56863634eefe9cf8
566,da96578988a6e102a0b3e16110d374cf;;;;;566;da96578988a6e102a0b3e16110d374cf
567,66cf7f50ed98b1dd3c3a3f261ad2e11e;;;;;567;66cf7f50ed98b1dd3c3a3f261ad2e11e
568,6b09d068dd92346e57a4d8abeb91abae;;;;;568;6b09d068dd92346e57a4d8abeb91abae
569,b6f9cc43c85bad4264c031bf189ccf9e;;;;;569;b6f9cc43c85bad4264c031bf189ccf9e
570,5b85bd2d7b8d79fd9024df565f83f9a0;;;;;570;5b85bd2d7b8d79fd9024df565f83f9a0
571,0d9d544026d67f39dce9c9d29ac3e697;;;;;571;0d9d544026d67f39dce9c9d29ac3e697
572,a969ca641a1f0ce2150793f90d9190d0;;;;;572;a969ca641a1f0ce2150793f90d9190d0
573,d79310afa341bee0688e37211cb2c468;;;;;573;d79310afa341bee0688e37211cb2c468
574,618f705cab7526288a40d792d127fcbc;;;;;574;618f705cab7526288a40d792d127fcbc
575,de3e28d60d3ebcc57220464538df308e;;;;;575;de3e28d60d3ebcc57220464538df308e
576,f2e97ea057f0ef128d50a7e920d893cc;;;;;576;f2e97ea057f0ef128d50a7e920d893cc
577,57e10e9b90b08dd07df00e271a166a20;;;;;577;57e10e9b90b08dd07df00e271a166a20
578,1550518fa49bea810cd4f0c5eefeb290;;;;;578;1550518fa49bea810cd4f0c5eefeb290
579,6ddb4495a2a2b8a87503c926d02b157e;;;;;579;6ddb4495a2a2b8a87503c926d02b157e
580,57a3d12463a5334a3a9115471d55151f;;;;;580;57a3d12463a5334a3a9115471d55151f
581,fcbc1ee0ff5b436e1ad097c9c45c2c1a;;;;;581;fcbc1ee0ff5b436e1ad097c9c45c2c1a
582,da4696f166333f8a22f897606c966320;;;;;582;da4696f166333f8a22f897606c966320
583,e1a6a30d6e51dbe3f3fc54f49a382cde;;;;;583;e1a6a30d6e51dbe3f3fc54f49a382cde
584,ac2c23bad696224e5744a66871720f78;;;;;584;ac2c23bad696224e5744a66871720f78
585,292cc0247e8c42b510a8df2dc0a3fe05;;;;;585;292cc0247e8c42b510a8df2dc0a3fe05
586,d6f2ac34a137988813ab1dc65f955d39;;;;;586;d6f2ac34a137988813ab1dc65f955d39
587,008c5f51c3bc80df7cca3560e8b13323;;;;;587;008c5f51c3bc80df7cca3560e8b13323
588,b28b9cb3e92bc051a3efdd461356515d;;;;;588;b28b9cb3e92bc051a3efdd461356515d
589,89f9db170b8d5b729b4e253ac601da77;;;;;589;89f9db170b8d5b729b4e253ac601da77
590,9b2ea0f0c5a0d3f633b6f8b502d4a6b5;;;;;590;9b2ea0f0c5a0d3f633b6f8b502d4a6b5
591,b051f33cc23c67f9308e6751464efd1e;;;;;591;b051f33cc23c67f9308e6751464efd1e
592,9fc5e7d2fc78d59052914c41e3872736;;;;;592;9fc5e7d2fc78d59052914c41e3872736
593,d5ffabf7778a3a1b52888063c867b61e;;;;;593;d5ffabf7778a3a1b52888063c867b61e
594,ee694daba2f5eda410db953b7e4cb44d;;;;;594;ee694daba2f5eda410db953b7e4cb44d
595,1e04af9fa97be559c56db989617786f8;;;;;595;1e04af9fa97be559c56db989617786f8
596,3823cf451bfb4c3dd40562514518dbb9;;;;;596;3823cf451bfb4c3dd40562514518dbb9
597,95c07225c2b35cc9547f6c776d4f57af;;;;;597;95c07225c2b35cc9547f6c776d4f57af
598,f59f96332abcfaba3c16a8182ca88fa3;;;;;598;f59f96332abcfaba3c16a8182ca88fa3
599,4568f054b22d6c5ab2ee6d3499e23a1f;;;;;599;4568f054b22d6c5ab2ee6d3499e23a1f
600,a68fdf1a9f1c680a213091657bb8198d;;;;;600;a68fdf1a9f1c680a213091657bb8198d
601,8d3127cc58296c24a74646e684750304;;;;;601;8d3127cc58296c24a74646e684750304
602,0b5b10d2c4c9e10d38b2e070c2673948;;;;;602;0b5b10d2c4c9e10d38b2e070c2673948
603,cf485a1a913622a27f9da6b0c63b0a0f;;;;;603;cf485a1a913622a27f9da6b0c63b0a0f
604,f92b327b122dda8e0f214112b1919d08;;;;;604;f92b327b122dda8e0f214112b1919d08
605,8d901f1c2b4442e6e30d28f6e5a3d6f6;;;;;605;8d901f1c2b4442e6e30d28f6e5a3d6f6
606,caf53e20455318fd963224430f4993c6;;;;;606;caf53e20455318fd963224430f4993c6
607,122ffd50aac2c693ec2e065687d851b0;;;;;607;122ffd50aac2c693ec2e065687d851b0
608,32d876add166c1e94513a992d3a0cb63;;;;;608;32d876add166c1e94513a992d3a0cb63
609,0fa11047d26daddc4c958f4f8d20a097;;;;;609;0fa11047d26daddc4c958f4f8d20a097
610,8a17c4ed43a3b7bc9f1b85a2e8a2310a;;;;;610;8a17c4ed43a3b7bc9f1b85a2e8a2310a
611,66d7a0c9f537755f1d16a3aedede2940;;;;;611;66d7a0c9f537755f1d16a3aedede2940
612,3ece7d2320404d3514fd44a3208164a9;;;;;612;3ece7d2320404d3514fd44a3208164a9
613,dd48214c12653a289a3bf6e68fc81ee7;;;;;613;dd48214c12653a289a3bf6e68fc81ee7
614,66455ed163282ec40f4ffb4a851583bc;;;;;614;66455ed163282ec40f4ffb4a851583bc
615,e5ca6d13dd130b3e1ee88c157ec6dd97;;;;;615;e5ca6d13dd130b3e1ee88c157ec6dd97
616,a9580b39839d0edc8810c8ecc270c35f;;;;;616;a9580b39839d0edc8810c8ecc270c35f
617,f97bcf794764847d83e3d67c2cec14b8;;;;;617;f97bcf794764847d83e3d67c2cec14b8
618,84b8e667378ac5d428e5ab06a49381b6;;;;;618;84b8e667378ac5d428e5ab06a49381b6
619,f5c61737e9c6fe655b3c476f5298686f;;;;;619;f5c61737e9c6fe655b3c476f5298686f
620,2e86950369914148b87ff545cde63bff;;;;;620;2e86950369914148b87ff545cde63bff
621,bb368ebe8dd9828fc3dd6b6b8dd88e9c;;;;;621;bb368ebe8dd9828fc3dd6b6b8dd88e9c
622,fdf3dfa40909b20508519ebea58b2f2f;;;;;622;fdf3dfa40909b20508519ebea58b2f2f
623,4325eced0e66609d7fd9608cd9ff8a00;;;;;623;4325eced0e66609d7fd9608cd9ff8a00
624,a598e4497b52d6fb2a005d802dcdf4ac;;;;;624;a598e4497b52d6fb2a005d802dcdf4ac
625,716af717fbc2e9ac7fe911c824205961;;;;;625;716af717fbc2e9ac7fe911c824205961
626,312b7d1b823081fe309fae5620d171ad;;;;;626;312b7d1b823081fe309fae5620d171ad
627,f750823ee1ab1c07c2e7111fa0fd66a5;;;;;627;f750823ee1ab1c07c2e7111fa0fd66a5
628,ab7ea9e90c5518cfa60611bb76101069;;;;;628;ab7ea9e90c5518cfa60611bb76101069
629,9e6d2c362c7ca4977ac12628b8b6300e;;;;;629;9e6d2c362c7ca4977ac12628b8b6300e
630,0f4067ce0c338c327a85e78b61fbe6c4;;;;;630;0f4067ce0c338c327a85e78b61fbe6c4
631,19a30c86865be51e2fffd9ed4950d932;;;;;631;19a30c86865be51e2fffd9ed4950d932
632,e1c8e228060a1a3b52f16a5e1dee2bfe;;;;;632;e1c8e228060a1a3b52f16a5e1dee2bfe
633,b183f0559a7aca41b73acc9ef3ed2d8f;;;;;633;b183f0559a7aca41b73acc9ef3ed2d8f
634,02b9a3f54a8338e3b5ce6385b4e22c3b;;;;;634;02b9a3f54a8338e3b5ce6385b4e22c3b
635,3fae7646ae3a6eb233c8cc4677f1730c;;;;;635;3fae7646ae3a6eb233c8cc4677f1730c
636,555baab8a9d3025c268b7bc544f5096e;;;;;636;555baab8a9d3025c268b7bc544f5096e
637,289756276bcd15fbbb3b7c239ae81e55;;;;;637;289756276bcd15fbbb3b7c239ae81e55
638,637965532adca97f2013401f75fc5677;;;;;638;637965532adca97f2013401f75fc5677
639,84f13ed77dc01eacf805719fba7a7309;;;;;639;84f13ed77dc01eacf805719fba7a7309
640,b1928ae4ecd83dd5ac58a13e3f22654f;;;;;640;b1928ae4ecd83dd5ac58a13e3f22654f
641,03b2988ec384041c44e6ff72bc11318b;;;;;641;03b2988ec384041c44e6ff72bc11318b
642,dc5efc96f4cf5b13546286e5f2eac1da;;;;;642;dc5efc96f4cf5b13546286e5f2eac1da
643,3aeba2fa50a41177fb39acc4ce101052;;;;;643;3aeba2fa50a41177fb39acc4ce101052
644,cecd58de889a6e669b0de335438f4ce7;;;;;644;cecd58de889a6e669b0de335438f4ce7
645,14150996bb2bcbff6ef105e7ebdd2a52;;;;;645;14150996bb2bcbff6ef105e7ebdd2a52
646,9674bcca3a576049d453993c1e5cf9ef;;;;;646;9674bcca3a576049d453993c1e5cf9ef
647,ea8f90a2983c239fd0917152548443f9;;;;;647;ea8f90a2983c239fd0917152548443f9
648,8efe257750106d66f029a52e62f94f76;;;;;648;8efe257750106d66f029a52e62f94f76
649,e25e8fff9e30d6162468f176587858d9;;;;;649;e25e8fff9e30d6162468f176587858d9
650,d3a20b51251f42877e8ff595eac1c3c0;;;;;650;d3a20b51251f42877e8ff595eac1c3c0
651,6f02b73f85f90c36209f5ca39c424d06;;;;;651;6f02b73f85f90c36209f5ca39c424d06
652,04ca59908c599914d9b0d9664a242b1c;;;;;652;04ca59908c599914d9b0d9664a242b1c
653,21425f8ef576815ee759e2c5d00707b6;;;;;653;21425f8ef576815ee759e2c5d00707b6
654,78b2e9fb09c246c61dcdce87e73b104c;;;;;654;78b2e9fb09c246c61dcdce87e73b104c
655,889f7c8a4e512c0470e66dd3eaa3e8bc;;;;;655;889f7c8a4e512c0470e66dd3eaa3e8bc
656,c8e997b6a2f50de5df1b35823d695b5e;;;;;656;c8e997b6a2f50de5df1b35823d695b5e
657,0d5ea47f069e8af70ce2b21280bc3338;;;;;657;0d5ea47f069e8af70ce2b21280bc3338
658,55a28b25163f08e8387dc404eecaa84d;;;;;658;55a28b25163f08e8387dc404eecaa84d
659,b2132710569eb066b99e5b5e5ce3246b;;;;;659;b2132710569eb066b99e5b5e5ce3246b
660,6d1e29fe78b0d427673a5d3f1a5f2133;;;;;660;6d1e29fe78b0d427673a5d3f1a5f2133
661,aff6e53ebdab87ab228f0b2d350e283b;;;;;661;aff6e53ebdab87ab228f0b2d350e283b
662,f2f786fdca60601626fcf10ab4f186e5;;;;;662;f2f786fdca60601626fcf10ab4f186e5
663,25aba1f4f12acbd51ad3fbd827e0cb6d;;;;;663;25aba1f4f12acbd51ad3fbd827e0cb6d
664,086436c2c1bacaf58d2fc029290496ce;;;;;664;086436c2c1bacaf58d2fc029290496ce
665,4c8162cb588d17e5d845ab61c031f6a2;;;;;665;4c8162cb588d17e5d845ab61c031f6a2
666,bbf19a1ab2d9ae38d4a4d4e3b5da0b28;;;;;666;bbf19a1ab2d9ae38d4a4d4e3b5da0b28
667,3d745b5be74ea41b12188b7f041a8386;;;;;667;3d745b5be74ea41b12188b7f041a8386
668,1af40c61d06a78ec5c5b7454f5085b80;;;;;668;1af40c61d06a78ec5c5b7454f5085b80
669,db77661a4935f09e7f6ae4ce92022bde;;;;;669;db77661a4935f09e7f6ae4ce92022bde
670,61035c7ab86052606ddee723c291a021;;;;;670;61035c7ab86052606ddee723c291a021
671,e20f72905fb349ec717f05109bdd3acf;;;;;671;e20f72905fb349ec717f05109bdd3acf
672,9aa2ce3175167210257ea9c11c5054d0;;;;;672;9aa2ce3175167210257ea9c11c5054d0
673,23c3e6b15907b143726ad94114752432;;;;;673;23c3e6b15907b143726ad94114752432
674,11794063bd48e7bea932d2cc16e4f3ee;;;;;674;11794063bd48e7bea932d2cc16e4f3ee
675,8936a7e7b69b6bfa8ffdcbc8ba77faae;;;;;675;8936a7e7b69b6bfa8ffdcbc8ba77faae
676,f443ceb3015e6ffd11d89cbee9cea3c6;;;;;676;f443ceb3015e6ffd11d89cbee9cea3c6
677,cc05d50a20975c3f80b3116dd7dbee02;;;;;677;cc05d50a20975c3f80b3116dd7dbee02
678,c218d7e1b7e6282d579d31a592baf6e1;;;;;678;c218d7e1b7e6282d579d31a592baf6e1
679,a3fb331834c71fb19b0a2466c7be281b;;;;;679;a3fb331834c71fb19b0a2466c7be281b
680,a447248fbd11f21c798e385cf34dadd9;;;;;680;a447248fbd11f21c798e385cf34dadd9
681,94c617405740a96e637a53199624d47a;;;;;681;94c617405740a96e637a53199624d47a
682,6abb1fae2b1eedb84b68a3bf0bc72c02;;;;;682;6abb1fae2b1eedb84b68a3bf0bc72c02
683,97a39a91eabdecc7251c8bb633b0727c;;;;;683;97a39a91eabdecc7251c8bb633b0727c
684,f4b82d56169d101053f549996fa3c327;;;;;684;f4b82d56169d101053f549996fa3c327
685,d5afc2260c1be7692497ed79a37c503e;;;;;685;d5afc2260c1be7692497ed79a37c503e
686,ecd4303cdd243d6a522c9647e26ee09e;;;;;686;ecd4303cdd243d6a522c9647e26ee09e
687,dbf31e7410c64d736cb5c0e7ff63f58f;;;;;687;dbf31e7410c64d736cb5c0e7ff63f58f
688,a92343d0af5b90a2b0f6966c1874ec0f;;;;;688;a92343d0af5b90a2b0f6966c1874ec0f
689,55299511a9bcdd06d892b0db63ea2b71;;;;;689;55299511a9bcdd06d892b0db63ea2b71
690,924e226066c4c8b0465f932f6892615a;;;;;690;924e226066c4c8b0465f932f6892615a
691,075a49aee8e0f4fe34b624c3afc39de3;;;;;691;075a49aee8e0f4fe34b624c3afc39de3
692,3420877dc07b74655e46ea78867f808b;;;;;692;3420877dc07b74655e46ea78867f808b
693,bfa373cc476d0f2efcb559e46e229d98;;;;;693;bfa373cc476d0f2efcb559e46e229d98
694,4c06dcef51dc94bf63302314a72beff1;;;;;694;4c06dcef51dc94bf63302314a72beff1
695,8229f12c94319c18b46ab17be0d1d52f;;;;;695;8229f12c94319c18b46ab17be0d1d52f
696,7ddfdb63583c62c3b44cb4cd275cea22;;;;;696;7ddfdb63583c62c3b44cb4cd275cea22
697,9306c36721fe4afb644d10e187697d13;;;;;697;9306c36721fe4afb644d10e187697d13
698,2626be037734b5e6710803c2edb4fd2c;;;;;698;2626be037734b5e6710803c2edb4fd2c
699,55eed9d5ae22333002be3077e04a1143;;;;;699;55eed9d5ae22333002be3077e04a1143
700,58841e825f1fbd4b578400c95b646f5d;;;;;700;58841e825f1fbd4b578400c95b646f5d
701,93347f872ae5d752cf6fcb383088208d;;;;;701;93347f872ae5d752cf6fcb383088208d
702,d2e63a523e5701087df3f9c7a5ac75c6;;;;;702;d2e63a523e5701087df3f9c7a5ac75c6
703,bdda74214cb577446ed4f65034734b14;;;;;703;bdda74214cb577446ed4f65034734b14
704,647559c3a02965c562735c98d2ea54e7;;;;;704;647559c3a02965c562735c98d2ea54e7
705,c3bade09d4f762952e3f28f9a76e8ec1;;;;;705;c3bade09d4f762952e3f28f9a76e8ec1
706,8365a50306dd0c9826f627aa157b1bc3;;;;;706;8365a50306dd0c9826f627aa157b1bc3
707,20e3b7c94cfacbf7c9665e31cd5f2edd;;;;;707;20e3b7c94cfacbf7c9665e31cd5f2edd
708,db9c6919cbd1afda3cac003887cea9a8;;;;;708;db9c6919cbd1afda3cac003887cea9a8
709,e7ae8b0123f794c2393b5188323ad5a8;;;;;709;e7ae8b0123f794c2393b5188323ad5a8
710,05fea676ff5d8a7598949bb6d5ca9ba3;;;;;710;05fea676ff5d8a7598949bb6d5ca9ba3
711,61c897656e715f3c86df2684dc0b8825;;;;;711;61c897656e715f3c86df2684dc0b8825
712,5a92b8ca0f268d753f96e5c7c63a1858;;;;;712;5a92b8ca0f268d753f96e5c7c63a1858
713,502e5ac597946c9386646946110d007d;;;;;713;502e5ac597946c9386646946110d007d
714,39b65fa44596b7458a6bf58b7e554654;;;;;714;39b65fa44596b7458a6bf58b7e554654
715,062961ecf945ca84cd92dfaee13764fb;;;;;715;062961ecf945ca84cd92dfaee13764fb
716,c573075d84f745d6797b4d015a52c0f4;;;;;716;c573075d84f745d6797b4d015a52c0f4
717,a3c114b8b4e3181f1cf5e65c4975234f;;;;;717;a3c114b8b4e3181f1cf5e65c4975234f
718,4f9814fe02e326d4d154621a2ea1c1f1;;;;;718;4f9814fe02e326d4d154621a2ea1c1f1
719,84947b8e2d21ce9816ca4189a887a372;;;;;719;84947b8e2d21ce9816ca4189a887a372
720,1805d083290082fb5b0a48c3e13bf4d4;;;;;720;1805d083290082fb5b0a48c3e13bf4d4
721,ea293d77501239bdc71b84ab2ee553c1;;;;;721;ea293d77501239bdc71b84ab2ee553c1
722,49056773188c3374d84a0a7abb7aa911;;;;;722;49056773188c3374d84a0a7abb7aa911
723,223499b99e5eb6e4a8b12d28532ef3a8;;;;;723;223499b99e5eb6e4a8b12d28532ef3a8
724,f3350468615159bf370db6aea0bfe909;;;;;724;f3350468615159bf370db6aea0bfe909
725,90bcb8eaf54cefd980cddcab4c912aa2;;;;;725;90bcb8eaf54cefd980cddcab4c912aa2
726,b08779e41f7be4ae769c54003d59522d;;;;;726;b08779e41f7be4ae769c54003d59522d
727,bee1f4919723b8e4cfddb2e6f7a31063;;;;;727;bee1f4919723b8e4cfddb2e6f7a31063
728,eda89c2a93ca6e0de9089eda43072123;;;;;728;eda89c2a93ca6e0de9089eda43072123
729,1b5e161fd90391eef3ac25f12ca2bb31;;;;;729;1b5e161fd90391eef3ac25f12ca2bb31
730,94ddf9129a5008f5028dbd6f4a5834ba;;;;;730;94ddf9129a5008f5028dbd6f4a5834ba
731,5a359e61b90d7c8b05ca5c1fbfe80aa6;;;;;731;5a359e61b90d7c8b05ca5c1fbfe80aa6
732,b4a6df381f656ffdabd695ec23b52b8f;;;;;732;b4a6df381f656ffdabd695ec23b52b8f
733,f006b9dbb6b8b9158fe3be8a0ccaa9da;;;;;733;f006b9dbb6b8b9158fe3be8a0ccaa9da
734,8eb4a5a80b509094037682f5fe755be4;;;;;734;8eb4a5a80b509094037682f5fe755be4
735,0c09d940b005bc5776b143c19016c57c;;;;;735;0c09d940b005bc5776b143c19016c57c
736,5716624a82df0b06eebdc2e79e1776a2;;;;;736;5716624a82df0b06eebdc2e79e1776a2
737,ffaf74a8f0b5d8c227b9943356408133;;;;;737;ffaf74a8f0b5d8c227b9943356408133
738,aa5f9d98f545995f0a3734d33a9cb471;;;;;738;aa5f9d98f545995f0a3734d33a9cb471
739,19b5392b7848ee5ff0ce30a28f481b5d;;;;;739;19b5392b7848ee5ff0ce30a28f481b5d
740,04c7f5f4d2e1956711e697b4f7aaad85;;;;;740;04c7f5f4d2e1956711e697b4f7aaad85
741,a2541ab199e6a4fb7cd9645930fd7f53;;;;;741;a2541ab199e6a4fb7cd9645930fd7f53
742,716ad3261705e6728f1fbc7f0df53097;;;;;742;716ad3261705e6728f1fbc7f0df53097
743,ad6613235845d4ba3bd340657c5f6664;;;;;743;ad6613235845d4ba3bd340657c5f6664
744,60083345b3352122f9552771646a9006;;;;;744;60083345b3352122f9552771646a9006
745,1e04e3630ddb73f20bf6f79d7df33623;;;;;745;1e04e3630ddb73f20bf6f79d7df33623
746,dc7a5a6fbb2b841be201959610b77faf;;;;;746;dc7a5a6fbb2b841be201959610b77faf
747,225decce8f4b186a4bc82151f17e137a;;;;;747;225decce8f4b186a4bc82151f17e137a
748,77c935f97faf336ff9f9b002be52f749;;;;;748;77c935f97faf336ff9f9b002be52f749
749,6316d05fc70a96ccda6285547740ffc5;;;;;749;6316d05fc70a96ccda6285547740ffc5
750,953f5dd2aacab025d9d9b7d1c14c4a89;;;;;750;953f5dd2aacab025d9d9b7d1c14c4a89
751,b8f26148481a54d61e1d0bc6f76f078d;;;;;751;b8f26148481a54d61e1d0bc6f76f078d
752,1ee7c97c066a30f99aed10217d6ec12e;;;;;752;1ee7c97c066a30f99aed10217d6ec12e
753,b16a45aa394f24c9ca5062d3f1d3477d;;;;;753;b16a45aa394f24c9ca5062d3f1d3477d
754,34729247d81f2cb6b379616183206516;;;;;754;34729247d81f2cb6b379616183206516
755,2c186784232e495f72dd109570524f3a;;;;;755;2c186784232e495f72dd109570524f3a
756,c4a5ec4220c5e7eea7f462ea228500a1;;;;;756;c4a5ec4220c5e7eea7f462ea228500a1
757,93aff72552047b95a75a9491b55582d4;;;;;757;93aff72552047b95a75a9491b55582d4
758,6cd1d96baebcd1011391df85b180d6b6;;;;;758;6cd1d96baebcd1011391df85b180d6b6
759,66d02598ba2207c5afffe482dc135267;;;;;759;66d02598ba2207c5afffe482dc135267
760,4240837a9392e039168d8bea197aaa0c;;;;;760;4240837a9392e039168d8bea197aaa0c
761,804e097666fee6cb650fe26cd8624699;;;;;761;804e097666fee6cb650fe26cd8624699
762,797d02dfdc4ac20286e65581595c07f8;;;;;762;797d02dfdc4ac20286e65581595c07f8
763,20bc076d0e8173479b5bced2fbc2b3c6;;;;;763;20bc076d0e8173479b5bced2fbc2b3c6
764,4f78078d8e1bec5db794bb82383feab0;;;;;764;4f78078d8e1bec5db794bb82383feab0
765,17ba7af2107a365ea54cb6910b994027;;;;;765;17ba7af2107a365ea54cb6910b994027
766,efa90222f3e05927aec40d3bba997952;;;;;766;efa90222f3e05927aec40d3bba997952
767,6b28428167e8bfde9635df50cc74f579;;;;;767;6b28428167e8bfde9635df50cc74f579
768,c69ec3fba780c80082b738e9e6952563;;;;;768;c69ec3fba780c80082b738e9e6952563
769,e8ea1cde281c59cef2c4f726c8f683a8;;;;;769;e8ea1cde281c59cef2c4f726c8f683a8
770,643d165c93cc83e13c7ad2fb62b5d041;;;;;770;643d165c93cc83e13c7ad2fb62b5d041
771,a3fd63e8d3770b44ed835253ef1b1af8;;;;;771;a3fd63e8d3770b44ed835253ef1b1af8
772,908ecf56affaa6de6f2f1bcdd6c44460;;;;;772;908ecf56affaa6de6f2f1bcdd6c44460
773,4e623822a18c4ee1f3bde4eec87aa8fe;;;;;773;4e623822a18c4ee1f3bde4eec87aa8fe
774,b847e1d183fa8187ece6766c44cc00ad;;;;;774;b847e1d183fa8187ece6766c44cc00ad
775,29c99f02e7e8ea4f4d2638f39b82147d;;;;;775;29c99f02e7e8ea4f4d2638f39b82147d
776,8588a32f9e60a586502a1b6cba1b6340;;;;;776;8588a32f9e60a586502a1b6cba1b6340
777,2fb916ade0e4bf8a3f4d681452e548e0;;;;;777;2fb916ade0e4bf8a3f4d681452e548e0
778,31405adc255d19c13579772558439d0e;;;;;778;31405adc255d19c13579772558439d0e
779,8438f3b501c7594b6fb169dd555886a3;;;;;779;8438f3b501c7594b6fb169dd555886a3
780,1f454ae9b2cb668cc993ba7c189d61c7;;;;;780;1f454ae9b2cb668cc993ba7c189d61c7
781,723c3562fd1f2ccf0165301056ea86c5;;;;;781;723c3562fd1f2ccf0165301056ea86c5
782,7a8f4cd2212028fb8124a4b6fe1d13ba;;;;;782;7a8f4cd2212028fb8124a4b6fe1d13ba
783,695fc794a6502f059cfb51de16893743;;;;;783;695fc794a6502f059cfb51de16893743
784,1a0cef1e08326ddc8ef98b48081cdbfc;;;;;784;1a0cef1e08326ddc8ef98b48081cdbfc
785,00a9e0f4efdaf18588bcaa1936e2d936;;;;;785;00a9e0f4efdaf18588bcaa1936e2d936
786,8df50aa823fc2de6b1ef6398bbe156bf;;;;;786;8df50aa823fc2de6b1ef6398bbe156bf
787,f4c83aa37dcff1cbdb26c9c7ac1580eb;;;;;787;f4c83aa37dcff1cbdb26c9c7ac1580eb
788,9930fbafc8bbd0a1f92c3f741df73952;;;;;788;9930fbafc8bbd0a1f92c3f741df73952
789,378170dcdc3879a1c65d900b3e2dae3b;;;;;789;378170dcdc3879a1c65d900b3e2dae3b
790,d4570ac7f75598cb3ff605730d4653db;;;;;790;d4570ac7f75598cb3ff605730d4653db
791,efe8c8a501b024c6d98b26eebd851182;;;;;791;efe8c8a501b024c6d98b26eebd851182
792,897cf0e70654cc6033caa8e526c9ebc1;;;;;792;897cf0e70654cc6033caa8e526c9ebc1
793,e9f10c8e934e7a7be5a8404ddcf1e4a9;;;;;793;e9f10c8e934e7a7be5a8404ddcf1e4a9
794,5b4101d3a9c90d57445ac4c58d96f398;;;;;794;5b4101d3a9c90d57445ac4c58d96f398
795,e44157159e57e9c524752fb6dbc36666;;;;;795;e44157159e57e9c524752fb6dbc36666
796,9ef2f8fd7d711f2951a1ccb256f7845d;;;;;796;9ef2f8fd7d711f2951a1ccb256f7845d
797,a3142fb0d453ed545f6e7a62203a8abd;;;;;797;a3142fb0d453ed545f6e7a62203a8abd
798,16eb7afaa7ffb38081bf9d01bc9d2205;;;;;798;16eb7afaa7ffb38081bf9d01bc9d2205
799,6951c29065f3cc0d5e18d763f77f5a8c;;;;;799;6951c29065f3cc0d5e18d763f77f5a8c
800,2269f25d9a0aff30cae32bc99f5a3371;;;;;800;2269f25d9a0aff30cae32bc99f5a3371
801,1edf870742a4156884ef29948e9fde7c;;;;;801;1edf870742a4156884ef29948e9fde7c
802,27be53f6978f9f9fe3a520a8781d09a7;;;;;802;27be53f6978f9f9fe3a520a8781d09a7
803,dd4e5c4dd1a28d02c69d9f6bdbcac919;;;;;803;dd4e5c4dd1a28d02c69d9f6bdbcac919
804,fe6b6245f98e96b7b86d52eb33dcb6ee;;;;;804;fe6b6245f98e96b7b86d52eb33dcb6ee
805,97d6cba8b42f44fdb8971a81ec471f6e;;;;;805;97d6cba8b42f44fdb8971a81ec471f6e
806,a73c4422cbb48079da706df210c69cd7;;;;;806;a73c4422cbb48079da706df210c69cd7
807,65753f58bba075ae3fc94915bfcd072e;;;;;807;65753f58bba075ae3fc94915bfcd072e
808,d0d06bc0eb8fedefaa27a97e4085b4cf;;;;;808;d0d06bc0eb8fedefaa27a97e4085b4cf
809,b75a50a5bc310bc367f4138627a97fe6;;;;;809;b75a50a5bc310bc367f4138627a97fe6
810,6400d4f9ed07b5fb981d9659597a594a;;;;;810;6400d4f9ed07b5fb981d9659597a594a
811,15c52ac557a4ae2eb51d1a75d401015c;;;;;811;15c52ac557a4ae2eb51d1a75d401015c
812,88682a71ebef0837880db73ae5ded62d;;;;;812;88682a71ebef0837880db73ae5ded62d
813,4b5e9b065b3b2f104114ddeca1efc86c;;;;;813;4b5e9b065b3b2f104114ddeca1efc86c
814,a894449193b427e945bd40593fe45e9c;;;;;814;a894449193b427e945bd40593fe45e9c
815,88b20f50092e024f66b34201f71729bd;;;;;815;88b20f50092e024f66b34201f71729bd
816,56231f53eec940482c79c1b445dde6ac;;;;;816;56231f53eec940482c79c1b445dde6ac
817,9b63bbee1ad703e0a1de911dc9325b4a;;;;;817;9b63bbee1ad703e0a1de911dc9325b4a
818,d9c6a5ea65fbd25627c8e97a9b6cec99;;;;;818;d9c6a5ea65fbd25627c8e97a9b6cec99
819,10215337e59fbe9c7c42f9c8c4adc1cf;;;;;819;10215337e59fbe9c7c42f9c8c4adc1cf
820,1be33f02119ce8b967841692fc24f53e;;;;;820;1be33f02119ce8b967841692fc24f53e
821,50bdb013968ff73ebbb7bab7da4ad2e5;;;;;821;50bdb013968ff73ebbb7bab7da4ad2e5
822,422b73de663b0f43639621881c6f723d;;;;;822;422b73de663b0f43639621881c6f723d
823,97965b30a08f5dcaaf9c193ee5c5b22e;;;;;823;97965b30a08f5dcaaf9c193ee5c5b22e
824,135ecfe08271627e91dfd53a8bb66392;;;;;824;135ecfe08271627e91dfd53a8bb66392
825,ce68a23571105458dabcd934156ae3c8;;;;;825;ce68a23571105458dabcd934156ae3c8
826,a30bb1f241be3b677cd28c39521ceb76;;;;;826;a30bb1f241be3b677cd28c39521ceb76
827,401d60dc2d2d18775c5a9116ffcb42d6;;;;;827;401d60dc2d2d18775c5a9116ffcb42d6
828,4363e2fe0fc0aa4ddf6c1f7b6525bbcf;;;;;828;4363e2fe0fc0aa4ddf6c1f7b6525bbcf
829,a6918a4174081055c99a5916a4c328f9;;;;;829;a6918a4174081055c99a5916a4c328f9
830,964d12a5a73f8dd74409a0939b9f6bc2;;;;;830;964d12a5a73f8dd74409a0939b9f6bc2
831,f1f1d0d288ddf1fca37798fcbf9c811d;;;;;831;f1f1d0d288ddf1fca37798fcbf9c811d
832,9b12b0d4d53d1307143b4f94588a45c4;;;;;832;9b12b0d4d53d1307143b4f94588a45c4
833,e9dfb7e468d3de4872681da8dbcfb1d5;;;;;833;e9dfb7e468d3de4872681da8dbcfb1d5
834,5001d27c511db5d3ad55c221370e77d2;;;;;834;5001d27c511db5d3ad55c221370e77d2
835,5bfbbdfbbe79071a0856512bcfa3ae68;;;;;835;5bfbbdfbbe79071a0856512bcfa3ae68
836,d976de761db2a243969118d6842763b5;;;;;836;d976de761db2a243969118d6842763b5
837,3b2969e59e3892f6e659b7968d61ef72;;;;;837;3b2969e59e3892f6e659b7968d61ef72
838,1d541d94c8ca47dec9910caafa57288b;;;;;838;1d541d94c8ca47dec9910caafa57288b
839,9f9fefc42fa2c0db3ad2c75ccab29b3d;;;;;839;9f9fefc42fa2c0db3ad2c75ccab29b3d
840,ce42d1836c38b12521de4036898e4b72;;;;;840;ce42d1836c38b12521de4036898e4b72
841,df1d0507d51ccd1d19b00205c51f2a1a;;;;;841;df1d0507d51ccd1d19b00205c51f2a1a
842,ec1eee3103f566712d748ebe8d2af0fe;;;;;842;ec1eee3103f566712d748ebe8d2af0fe
843,b24949b866ca4c4e97acd9eac393fb1a;;;;;843;b24949b866ca4c4e97acd9eac393fb1a
844,3e9d7b4bb5b163bb6ab56a4387c3a92f;;;;;844;3e9d7b4bb5b163bb6ab56a4387c3a92f
845,0ca2fd8904a49caae757867092f4da45;;;;;845;0ca2fd8904a49caae757867092f4da45
846,063c6f2801afcdf1aaf253b932f89165;;;;;846;063c6f2801afcdf1aaf253b932f89165
847,d5d6771323c5e9f1ef6e332bdb601b29;;;;;847;d5d6771323c5e9f1ef6e332bdb601b29
848,6b10d32c65543b4911855759bc72c3c7;;;;;848;6b10d32c65543b4911855759bc72c3c7
849,8134c5e53b8e27c8fb8acdf77f1fb47b;;;;;849;8134c5e53b8e27c8fb8acdf77f1fb47b
850,2accb8d97456e18f7740530a1230ec90;;;;;850;2accb8d97456e18f7740530a1230ec90
851,8dca475bcf86c4d786e533bb09043e56;;;;;851;8dca475bcf86c4d786e533bb09043e56
852,571a48eb20c217b8c60c065d89e0b49b;;;;;852;571a48eb20c217b8c60c065d89e0b49b
853,9385b20f716efbee2204592e14fe63a8;;;;;853;9385b20f716efbee2204592e14fe63a8
854,39434bc6a0ea034b7a42c242e42eb88c;;;;;854;39434bc6a0ea034b7a42c242e42eb88c
855,ee4f0338be09de4f430b045fa31924f5;;;;;855;ee4f0338be09de4f430b045fa31924f5
856,4320279df044bc2a9979c90953b699da;;;;;856;4320279df044bc2a9979c90953b699da
857,ecd77e48ff7a96c337b8d311824bec9d;;;;;857;ecd77e48ff7a96c337b8d311824bec9d
858,51874b6755ed8d9b9fd32937b84942b3;;;;;858;51874b6755ed8d9b9fd32937b84942b3
859,c5151e77039b6c9448723e960abab597;;;;;859;c5151e77039b6c9448723e960abab597
860,97e60587b8420aec29d2fa32eb1de241;;;;;860;97e60587b8420aec29d2fa32eb1de241
861,74a6c95ff7ae4fd0e776a1d7a6b505f4;;;;;861;74a6c95ff7ae4fd0e776a1d7a6b505f4
862,f7c73216e11741192a54940f7aef0aa3;;;;;862;f7c73216e11741192a54940f7aef0aa3
863,5b8407ba17dd87bde8df5e677451a2a1;;;;;863;5b8407ba17dd87bde8df5e677451a2a1
864,ba37eac3ae4467dc863910e7a770e995;;;;;864;ba37eac3ae4467dc863910e7a770e995
865,f80a0831082d7d02ddcc5b923c8c0cbd;;;;;865;f80a0831082d7d02ddcc5b923c8c0cbd
866,e101049f704f1547fd79866b7ae1fdde;;;;;866;e101049f704f1547fd79866b7ae1fdde
867,4de7bdc1bd78d1853dac6a90333c317d;;;;;867;4de7bdc1bd78d1853dac6a90333c317d
868,e40a6b92038be6c24bd425c767639316;;;;;868;e40a6b92038be6c24bd425c767639316
869,0a48764547bd71805e0e09454f9700c5;;;;;869;0a48764547bd71805e0e09454f9700c5
870,75a8fb0cc7bfa986c961eb7a2aedb7b8;;;;;870;75a8fb0cc7bfa986c961eb7a2aedb7b8
871,9c5eaab50c2155fe3c23a46998abfdfd;;;;;871;9c5eaab50c2155fe3c23a46998abfdfd
872,7c785e3ab5a9080c81e962e627ad01c7;;;;;872;7c785e3ab5a9080c81e962e627ad01c7
873,271cb7a2d7c5c7457af24d4ebd0033b3;;;;;873;271cb7a2d7c5c7457af24d4ebd0033b3
874,f3dc75ce894ec8dcdab637294eb43472;;;;;874;f3dc75ce894ec8dcdab637294eb43472
875,a64e2f99b65921bf71dfa4b4ebbef95c;;;;;875;a64e2f99b65921bf71dfa4b4ebbef95c
876,7406304170aa2c4edffadfef29bdd2f1;;;;;876;7406304170aa2c4edffadfef29bdd2f1
877,0b66010cfdda98f71c2305c1043c68cd;;;;;877;0b66010cfdda98f71c2305c1043c68cd
878,7606f418d79376c8eebc1323d56ab6b8;;;;;878;7606f418d79376c8eebc1323d56ab6b8
879,d70d7d3725e0e399aca6ada155c1f645;;;;;879;d70d7d3725e0e399aca6ada155c1f645
880,98887393f725013452a2c86400983c63;;;;;880;98887393f725013452a2c86400983c63
881,6e3647063889198cde4dcde851f620c4;;;;;881;6e3647063889198cde4dcde851f620c4
882,0e54436d0f3c3472e43830b276499589;;;;;882;0e54436d0f3c3472e43830b276499589
883,9714a91286500ed852685d0fadf01917;;;;;883;9714a91286500ed852685d0fadf01917
884,680137b4ab5826b7bb2d1f354597be18;;;;;884;680137b4ab5826b7bb2d1f354597be18
885,77c0955f5c24f692aeaa665b2afb2c17;;;;;885;77c0955f5c24f692aeaa665b2afb2c17
886,721a2bec2b70b654a65cca0cc7b3cdb8;;;;;886;721a2bec2b70b654a65cca0cc7b3cdb8
887,c8ff21bd5199153b07b7096361d8014d;;;;;887;c8ff21bd5199153b07b7096361d8014d
888,2cbfdd8dcfad6902495c52955ccad56a;;;;;888;2cbfdd8dcfad6902495c52955ccad56a
889,cf4d7beeee68d34a5d80392c673f900d;;;;;889;cf4d7beeee68d34a5d80392c673f900d
890,bd220972534df4e9b73a06dd5b0b3de4;;;;;890;bd220972534df4e9b73a06dd5b0b3de4
891,f8b691d9bc12d1579c60c082a595e2d7;;;;;891;f8b691d9bc12d1579c60c082a595e2d7
892,f9f3bccc3b65852f4372b726373e4226;;;;;892;f9f3bccc3b65852f4372b726373e4226
893,33bf2cc56faf6b627d1aac368106f73f;;;;;893;33bf2cc56faf6b627d1aac368106f73f
894,bd34e1a316082a44ec4f1ccdd74d0be6;;;;;894;bd34e1a316082a44ec4f1ccdd74d0be6
895,3341d0ad1f928441bbcf72f1af346607;;;;;895;3341d0ad1f928441bbcf72f1af346607
896,9b98ffeebcf6fa223b44c6c09ccb788c;;;;;896;9b98ffeebcf6fa223b44c6c09ccb788c
897,3f1315786aa91450cb69daecaf894f99;;;;;897;3f1315786aa91450cb69daecaf894f99
898,c4b650d500c86e1f7da5dc4cdca9f59a;;;;;898;c4b650d500c86e1f7da5dc4cdca9f59a
899,767a1e137e0833c4b3e44d263e99513f;;;;;899;767a1e137e0833c4b3e44d263e99513f
900,86f4abf40449822417b8f8e822e224cc;;;;;900;86f4abf40449822417b8f8e822e224cc
901,4c66eee1e577dc9111fdfc69febe6807;;;;;901;4c66eee1e577dc9111fdfc69febe6807
902,2e8d27b1a671954ada1e1d32bcdb89a6;;;;;902;2e8d27b1a671954ada1e1d32bcdb89a6
903,232ba8a920d463f2ea646d337816088c;;;;;903;232ba8a920d463f2ea646d337816088c
904,affc438f0c8e3b2044794188b1a3bcab;;;;;904;affc438f0c8e3b2044794188b1a3bcab
905,ca2bb1bc5b35a984cd75c25e820eb239;;;;;905;ca2bb1bc5b35a984cd75c25e820eb239
906,d4c79e451f9d9b19d77329bfb064e9b5;;;;;906;d4c79e451f9d9b19d77329bfb064e9b5
907,71dc464a261880886d97270640af29ed;;;;;907;71dc464a261880886d97270640af29ed
908,97a4c730ed2f5321eefb4126a3ea0b35;;;;;908;97a4c730ed2f5321eefb4126a3ea0b35
909,667f896068e0f58892fcd1702ea0b64f;;;;;909;667f896068e0f58892fcd1702ea0b64f
910,e2d1d45d6e68cd53d4f619d74fe3f873;;;;;910;e2d1d45d6e68cd53d4f619d74fe3f873
911,026cf329aee3712f9c2fcccd44d09fe6;;;;;911;026cf329aee3712f9c2fcccd44d09fe6
912,f83ab48b3f9de782687ddd12328831d3;;;;;912;f83ab48b3f9de782687ddd12328831d3
913,413ce3d54f18403c762e026f2a951e70;;;;;913;413ce3d54f18403c762e026f2a951e70
914,59ee1625906f058d754b419d6aa846bc;;;;;914;59ee1625906f058d754b419d6aa846bc
915,b97fc8424f87be31badfa279fb551ebf;;;;;915;b97fc8424f87be31badfa279fb551ebf
916,bc8de4d2e18d1c4536481f748d010fed;;;;;916;bc8de4d2e18d1c4536481f748d010fed
917,db7ef945a6b16329034ed917c4e99ff5;;;;;917;db7ef945a6b16329034ed917c4e99ff5
918,3bc3bad443844604e186126455fa38a6;;;;;918;3bc3bad443844604e186126455fa38a6
919,d107f1fc5880f92e2053d911b9024931;;;;;919;d107f1fc5880f92e2053d911b9024931
920,96f0ee02dcc4839b3f45f5ac3576c6d6;;;;;920;96f0ee02dcc4839b3f45f5ac3576c6d6
921,5572de6c04525d7b45c6cff699a65664;;;;;921;5572de6c04525d7b45c6cff699a65664
922,555096f0491f7413a68a03b85fdc4a49;;;;;922;555096f0491f7413a68a03b85fdc4a49
923,db77fb9ddd1d9da053125df6cbef24bb;;;;;923;db77fb9ddd1d9da053125df6cbef24bb
924,2d46f164712d054740ca62f852cd65d7;;;;;924;2d46f164712d054740ca62f852cd65d7
925,3a4583239bd497f0253438e89ba36c0d;;;;;925;3a4583239bd497f0253438e89ba36c0d
926,6e1cc89e1c0d78f6453d4d29c376d657;;;;;926;6e1cc89e1c0d78f6453d4d29c376d657
927,62cc073335dd58e6c7300c12d2f6ac97;;;;;927;62cc073335dd58e6c7300c12d2f6ac97
928,eea4a46f68010311e51cea112ec128ea;;;;;928;eea4a46f68010311e51cea112ec128ea
929,ecace9dd5bcde332e6158c3dfb569373;;;;;929;ecace9dd5bcde332e6158c3dfb569373
930,25cbef058fcb6c9c994613e3f7585fe6;;;;;930;25cbef058fcb6c9c994613e3f7585fe6
931,a2c77ed1201eab60843f9cb97cd43d44;;;;;931;a2c77ed1201eab60843f9cb97cd43d44
932,d4719818337438db71027652f18eb1c3;;;;;932;d4719818337438db71027652f18eb1c3
933,1af96f1dd46c00463296ac90ce6475ae;;;;;933;1af96f1dd46c00463296ac90ce6475ae
934,d49ff0aafcbf6280e8eabdb018e6ff11;;;;;934;d49ff0aafcbf6280e8eabdb018e6ff11
935,ab9e4072db3a32d69e64f89e02fd2be9;;;;;935;ab9e4072db3a32d69e64f89e02fd2be9
936,de4045bfaaf79a04fd28b6145fe1ed37;;;;;936;de4045bfaaf79a04fd28b6145fe1ed37
937,1bb16ac4aef261b11683bc6d621c5069;;;;;937;1bb16ac4aef261b11683bc6d621c5069
938,07f7ef88c3269ef07b8f37c4614da09c;;;;;938;07f7ef88c3269ef07b8f37c4614da09c
939,7c2476861eca31a5a3accacc8a042e1b;;;;;939;7c2476861eca31a5a3accacc8a042e1b
940,e7b0e598d88915b8913bc387004ebb4b;;;;;940;e7b0e598d88915b8913bc387004ebb4b
941,74f498dd6425883989cd927442d5d881;;;;;941;74f498dd6425883989cd927442d5d881
942,daacde166d9954906cfa4536ea1647c9;;;;;942;daacde166d9954906cfa4536ea1647c9
943,9f254e66a3a5e47c2963cd241645ee89;;;;;943;9f254e66a3a5e47c2963cd241645ee89
944,48d0512ae0f9b9cc19f2aeebaccf2db1;;;;;944;48d0512ae0f9b9cc19f2aeebaccf2db1
945,4a525baf6e0abe6ae012e5c60e5d0d53;;;;;945;4a525baf6e0abe6ae012e5c60e5d0d53
946,2cb2a5bfb44cc0cfc53f2d8e4141f7a4;;;;;946;2cb2a5bfb44cc0cfc53f2d8e4141f7a4
947,629e4bf177da40de46f106513448601c;;;;;947;629e4bf177da40de46f106513448601c
948,589fb0f3dc24fdf28d0b1f752fd29fa9;;;;;948;589fb0f3dc24fdf28d0b1f752fd29fa9
949,5cf7d0cb7a15432410593c972ecf645a;;;;;949;5cf7d0cb7a15432410593c972ecf645a
950,4fb1e7eee083d07a4b1caa889936b115;;;;;950;4fb1e7eee083d07a4b1caa889936b115
951,96032b127f0fa6fbaeea28b76e88de9f;;;;;951;96032b127f0fa6fbaeea28b76e88de9f
952,b6f00e35a9be940d7ebad1b00c144a0c;;;;;952;b6f00e35a9be940d7ebad1b00c144a0c
953,0efafacf22712a08d07701285761ae3e;;;;;953;0efafacf22712a08d07701285761ae3e
954,927c25e11c6b47490b0abe455bb6811b;;;;;954;927c25e11c6b47490b0abe455bb6811b
955,8bd58b729c7521b69c627ea5fa3708fc;;;;;955;8bd58b729c7521b69c627ea5fa3708fc
956,56df1ff29c4b0ef29578debbfc625493;;;;;956;56df1ff29c4b0ef29578debbfc625493
957,5554bcb0ab3dd8f1e77a2f0fdb2cee35;;;;;957;5554bcb0ab3dd8f1e77a2f0fdb2cee35
958,96ae05b9128769d081e39d8eebcbf387;;;;;958;96ae05b9128769d081e39d8eebcbf387
959,88ea2737908d5e18872e81baa5177820;;;;;959;88ea2737908d5e18872e81baa5177820
960,001969e4d39b81d57a9eef54e800fce4;;;;;960;001969e4d39b81d57a9eef54e800fce4
961,0c3266db579b42f546ec4cb63c144c02;;;;;961;0c3266db579b42f546ec4cb63c144c02
962,4263ce870cf5b95ed3790a52a9b4e342;;;;;962;4263ce870cf5b95ed3790a52a9b4e342
963,8087bedc6dec393d6eaecc8f63cef702;;;;;963;8087bedc6dec393d6eaecc8f63cef702
964,eddd2735ba47952aa3f65375dd467401;;;;;964;eddd2735ba47952aa3f65375dd467401
965,36870de21a9d63563016929f47e14508;;;;;965;36870de21a9d63563016929f47e14508
966,29c63b4dd8463b0cd2a197ba32d4aa2d;;;;;966;29c63b4dd8463b0cd2a197ba32d4aa2d
967,4e4c59d9677c352b35755c23e7a7f3d6;;;;;967;4e4c59d9677c352b35755c23e7a7f3d6
968,680c07785a82a7e68ae7cc4872ca08ce;;;;;968;680c07785a82a7e68ae7cc4872ca08ce
969,ec8ccf973e692121a97c99de0e276abe;;;;;969;ec8ccf973e692121a97c99de0e276abe
970,6d814f499198dc3241624dc0c64be33f;;;;;970;6d814f499198dc3241624dc0c64be33f
971,dbe1c537d425eae2db6612bd1f3b8d80;;;;;971;dbe1c537d425eae2db6612bd1f3b8d80
972,36a613ecc1bdc9e1411951a250f3d3a4;;;;;972;36a613ecc1bdc9e1411951a250f3d3a4
973,bf1adb086c75673c793381d7c4991dac;;;;;973;bf1adb086c75673c793381d7c4991dac
974,ca0b1d7a50cf33e818ef3a23f810fa4f;;;;;974;ca0b1d7a50cf33e818ef3a23f810fa4f
975,8daceaed4d29f479c23465f308e769f6;;;;;975;8daceaed4d29f479c23465f308e769f6
976,25c93c99bcf96b91879eea84707f43d8;;;;;976;25c93c99bcf96b91879eea84707f43d8
977,0a81b2854d129a46d33cbb988363a032;;;;;977;0a81b2854d129a46d33cbb988363a032
978,02089c64ce931c063159d964e008903e;;;;;978;02089c64ce931c063159d964e008903e
979,38901d918ce43c2d9b817db61ba70a99;;;;;979;38901d918ce43c2d9b817db61ba70a99
980,b23d7cad6447841b177fe5610114b374;;;;;980;b23d7cad6447841b177fe5610114b374
981,cfc96dbee644672645a0df6bf38f5098;;;;;981;cfc96dbee644672645a0df6bf38f5098
982,77ab5b7b32fd069642177ad4f31bc432;;;;;982;77ab5b7b32fd069642177ad4f31bc432
983,b5cc8ef131ab93b46da4ab86db374006;;;;;983;b5cc8ef131ab93b46da4ab86db374006
984,9233a9befe82c35c302f8a41303f7439;;;;;984;9233a9befe82c35c302f8a41303f7439
985,9fdf72f26fc231abbf483748d17d7fa9;;;;;985;9fdf72f26fc231abbf483748d17d7fa9
986,70fe1993457fa796be512e580d988505;;;;;986;70fe1993457fa796be512e580d988505
987,c5199740bb1ecd580f783974293eca3b;;;;;987;c5199740bb1ecd580f783974293eca3b
988,89383e9dc102792f2cb45c1a32c87181;;;;;988;89383e9dc102792f2cb45c1a32c87181
989,0c916bb7478f93694aaf1121184d9cbe;;;;;989;0c916bb7478f93694aaf1121184d9cbe
990,3c196f4af0baf76efc4f3b973133f9cb;;;;;990;3c196f4af0baf76efc4f3b973133f9cb
991,d9171cbb870f67fc8b48720e7d1dde82;;;;;991;d9171cbb870f67fc8b48720e7d1dde82
992,f94e257d2d7805c703b9ef20fe095f6f;;;;;992;f94e257d2d7805c703b9ef20fe095f6f
993,27b57a0af1e15e34273c4e9e114e8d39;;;;;993;27b57a0af1e15e34273c4e9e114e8d39
994,870ade2d3f41ef808dd17fc9280bea21;;;;;994;870ade2d3f41ef808dd17fc9280bea21
995,f0f1ab40849854642eac5936be6526a1;;;;;995;f0f1ab40849854642eac5936be6526a1
996,95122163dd8566269faf0e408a0f6a91;;;;;996;95122163dd8566269faf0e408a0f6a91
997,ad41ff61cddd5fd71bd4cee0ff62fb32;;;;;997;ad41ff61cddd5fd71bd4cee0ff62fb32
998,7df90476eea1b04bd0cd1de660fd750d;;;;;998;7df90476eea1b04bd0cd1de660fd750d
999,1cef4ce4c279b2a6f7831e2761b0dfea;;;;;999;1cef4ce4c279b2a6f7831e2761b0dfea
;;;;;;
